Time,X,Y,Z,VX,VY,VZ,Roll,Pitch,Yaw,RollRate,PitchRate,YawRate
0.0000,0.0000,0.0000,0.0020,0.0000,0.0000,0.2019,0.0000,0.0000,0.0000,0.0000,0.0000,0.0000
0.0100,0.0000,0.0000,0.0050,0.0000,0.0000,0.3012,0.0000,0.0000,0.0000,0.0000,0.0000,0.0000
0.0200,0.0000,0.0000,0.0090,0.0000,0.0000,0.4000,0.0000,0.0000,0.0000,0.0000,0.0000,0.0000
0.0300,0.0000,0.0000,0.0140,0.0000,0.0000,0.4984,0.0000,0.0000,0.0000,0.0000,0.0000,0.0000
0.0400,0.0000,0.0000,0.0200,0.0000,0.0000,0.5962,0.0000,0.0000,0.0000,0.0000,0.0000,0.0000
0.0500,0.0000,0.0000,0.0269,0.0000,0.0000,0.6934,0.0000,0.0000,0.0000,0.0000,0.0000,0.0000
0.0600,0.0000,0.0000,0.0348,0.0000,0.0000,0.7900,0.0000,0.0000,0.0000,0.0000,0.0000,0.0000
0.0700,0.0000,0.0000,0.0437,0.0000,0.0000,0.8859,0.0000,0.0000,0.0000,0.0000,0.0000,0.0000
0.0800,0.0000,0.0000,0.0535,0.0000,0.0000,0.9810,0.0000,0.0000,0.0000,0.0000,0.0000,0.0000
0.0900,0.0000,0.0000,0.0642,0.0000,0.0000,1.0754,0.0000,0.0000,0.0000,0.0000,0.0000,0.0000
0.1000,0.0000,0.0000,0.0759,0.0000,0.0000,1.1690,0.0000,0.0000,0.0000,0.0000,0.0000,0.0000
0.1100,0.0000,0.0000,0.0885,0.0000,0.0000,1.2618,0.0000,0.0000,0.0000,0.0000,0.0000,0.0000
0.1200,0.0000,0.0000,0.1021,0.0000,0.0000,1.3536,0.0000,0.0000,0.0000,0.0000,0.0000,0.0000
0.1300,0.0000,0.0000,0.1165,0.0000,0.0000,1.4444,0.0000,0.0000,0.0000,0.0000,0.0000,0.0000
0.1400,0.0000,0.0000,0.1319,0.0000,0.0000,1.5343,0.0000,0.0000,0.0000,0.0000,0.0000,0.0000
0.1500,0.0000,0.0000,0.1481,0.0000,0.0000,1.6232,0.0000,0.0000,0.0000,0.0000,0.0000,0.0000
0.1600,0.0000,0.0000,0.1652,0.0000,0.0000,1.7110,0.0000,0.0000,0.0000,0.0000,0.0000,0.0000
0.1700,0.0000,0.0000,0.1832,0.0000,0.0000,1.7977,0.0000,0.0000,0.0000,0.0000,0.0000,0.0000
0.1800,0.0000,0.0000,0.2020,0.0000,0.0000,1.8832,0.0000,0.0000,0.0000,0.0000,0.0000,0.0000
0.1900,0.0000,0.0000,0.2217,0.0000,0.0000,1.9675,0.0000,0.0000,0.0000,0.0000,0.0000,0.0000
0.2000,0.0000,0.0000,0.2422,0.0000,0.0000,2.0506,0.0000,0.0000,0.0000,0.0000,0.0000,0.0000
0.2100,0.0000,0.0000,0.2635,0.0000,0.0000,2.1325,0.0000,0.0000,0.0000,0.0000,0.0000,0.0000
0.2200,0.0000,0.0000,0.2857,0.0000,0.0000,2.2130,0.0000,0.0000,0.0000,0.0000,0.0000,0.0000
0.2300,0.0000,0.0000,0.3086,0.0000,0.0000,2.2922,0.0000,0.0000,0.0000,0.0000,0.0000,0.0000
0.2400,0.0000,0.0000,0.3323,0.0000,0.0000,2.3700,0.0000,0.0000,0.0000,0.0000,0.0000,0.0000
0.2500,0.0000,0.0000,0.3567,0.0000,0.0000,2.4465,0.0000,0.0000,0.0000,0.0000,0.0000,0.0000
0.2600,0.0000,0.0000,0.3820,0.0000,0.0000,2.5214,0.0000,0.0000,0.0000,0.0000,0.0000,0.0000
0.2700,0.0000,0.0000,0.4079,0.0000,0.0000,2.5949,0.0000,0.0000,0.0000,0.0000,0.0000,0.0000
0.2800,0.0000,0.0000,0.4346,0.0000,0.0000,2.6669,0.0000,0.0000,0.0000,0.0000,0.0000,0.0000
0.2900,0.0000,0.0000,0.4619,0.0000,0.0000,2.7374,0.0000,0.0000,0.0000,0.0000,0.0000,0.0000
0.3000,0.0000,0.0000,0.4900,0.0000,0.0000,2.8063,0.0000,0.0000,0.0000,0.0000,0.0000,0.0000
0.3100,0.0000,0.0000,0.5187,0.0000,0.0000,2.8736,0.0000,0.0000,0.0000,0.0000,0.0000,0.0000
0.3200,0.0000,0.0000,0.5481,0.0000,0.0000,2.9393,0.0000,0.0000,0.0000,0.0000,0.0000,0.0000
0.3300,0.0000,0.0000,0.5782,0.0000,0.0000,3.0033,0.0000,0.0000,0.0000,0.0000,0.0000,0.0000
0.3400,0.0000,0.0000,0.6088,0.0000,0.0000,3.0656,0.0000,0.0000,0.0000,0.0000,0.0000,0.0000
0.3500,0.0000,0.0000,0.6401,0.0000,0.0000,3.1263,0.0000,0.0000,0.0000,0.0000,0.0000,0.0000
0.3600,0.0000,0.0000,0.6719,0.0000,0.0000,3.1852,0.0000,0.0000,0.0000,0.0000,0.0000,0.0000
0.3700,0.0000,0.0000,0.7044,0.0000,0.0000,3.2423,0.0000,0.0000,0.0000,0.0000,0.0000,0.0000
0.3800,0.0000,0.0000,0.7373,0.0000,0.0000,3.2977,0.0000,0.0000,0.0000,0.0000,0.0000,0.0000
0.3900,0.0000,0.0000,0.7709,0.0000,0.0000,3.3513,0.0000,0.0000,0.0000,0.0000,0.0000,0.0000
0.4000,0.0000,0.0000,0.8049,0.0000,0.0000,3.4031,0.0000,0.0000,0.0000,0.0000,0.0000,0.0000
0.4100,0.0000,0.0000,0.8394,0.0000,0.0000,3.4530,0.0000,0.0000,0.0000,0.0000,0.0000,0.0000
0.4200,0.0000,0.0000,0.8744,0.0000,0.0000,3.5010,0.0000,0.0000,0.0000,0.0000,0.0000,0.0000
0.4300,0.0000,0.0000,0.9099,0.0000,0.0000,3.5472,0.0000,0.0000,0.0000,0.0000,0.0000,0.0000
0.4400,0.0000,0.0000,0.9458,0.0000,0.0000,3.5915,0.0000,0.0000,0.0000,0.0000,0.0000,0.0000
0.4500,0.0000,0.0000,0.9822,0.0000,0.0000,3.6338,0.0000,0.0000,0.0000,0.0000,0.0000,0.0000
0.4600,0.0000,0.0000,1.0189,0.0000,0.0000,3.6743,0.0000,0.0000,0.0000,0.0000,0.0000,0.0000
0.4700,0.0000,0.0000,1.0560,0.0000,0.0000,3.7128,0.0000,0.0000,0.0000,0.0000,0.0000,0.0000
0.4800,0.0000,0.0000,1.0935,0.0000,0.0000,3.7493,0.0000,0.0000,0.0000,0.0000,0.0000,0.0000
0.4900,0.0000,0.0000,1.1314,0.0000,0.0000,3.7839,0.0000,0.0000,0.0000,0.0000,0.0000,0.0000
0.5000,0.0000,0.0000,1.1695,0.0000,0.0000,3.8165,0.0000,0.0000,0.0000,0.0000,0.0000,0.0000
0.5100,0.0000,0.0000,1.2080,0.0000,0.0000,3.8471,0.0000,0.0000,0.0000,0.0000,0.0000,0.0000
0.5200,0.0000,0.0000,1.2467,0.0000,0.0000,3.8758,0.0000,0.0000,0.0000,0.0000,0.0000,0.0000
0.5300,0.0000,0.0000,1.2858,0.0000,0.0000,3.9024,0.0000,0.0000,0.0000,0.0000,0.0000,0.0000
0.5400,0.0000,0.0000,1.3250,0.0000,0.0000,3.9270,0.0000,0.0000,0.0000,0.0000,0.0000,0.0000
0.5500,0.0000,0.0000,1.3645,0.0000,0.0000,3.9495,0.0000,0.0000,0.0000,0.0000,0.0000,0.0000
0.5600,0.0000,0.0000,1.4042,0.0000,0.0000,3.9701,0.0000,0.0000,0.0000,0.0000,0.0000,0.0000
0.5700,0.0000,0.0000,1.4441,0.0000,0.0000,3.9886,0.0000,0.0000,0.0000,0.0000,0.0000,0.0000
0.5800,0.0000,0.0000,1.4842,0.0000,0.0000,4.0051,0.0000,0.0000,0.0000,0.0000,0.0000,0.0000
0.5900,0.0000,0.0000,1.5244,0.0000,0.0000,4.0196,0.0000,0.0000,0.0000,0.0000,0.0000,0.0000
0.6000,0.0000,0.0000,1.5647,0.0000,0.0000,4.0320,0.0000,0.0000,0.0000,0.0000,0.0000,0.0000
0.6100,0.0000,0.0000,1.6051,0.0000,0.0000,4.0424,0.0000,0.0000,0.0000,0.0000,0.0000,0.0000
0.6200,0.0000,0.0000,1.6456,0.0000,0.0000,4.0508,0.0000,0.0000,0.0000,0.0000,0.0000,0.0000
0.6300,0.0000,0.0000,1.6862,0.0000,0.0000,4.0571,0.0000,0.0000,0.0000,0.0000,0.0000,0.0000
0.6400,0.0000,0.0000,1.7268,0.0000,0.0000,4.0614,0.0000,0.0000,0.0000,0.0000,0.0000,0.0000
0.6500,0.0000,0.0000,1.7674,0.0000,0.0000,4.0637,0.0000,0.0000,0.0000,0.0000,0.0000,0.0000
0.6600,0.0000,0.0000,1.8081,0.0000,0.0000,4.0639,0.0000,0.0000,0.0000,0.0000,0.0000,0.0000
0.6700,0.0000,0.0000,1.8487,0.0000,0.0000,4.0621,0.0000,0.0000,0.0000,0.0000,0.0000,0.0000
0.6800,0.0000,0.0000,1.8893,0.0000,0.0000,4.0584,0.0000,0.0000,0.0000,0.0000,0.0000,0.0000
0.6900,0.0000,0.0000,1.9298,0.0000,0.0000,4.0526,0.0000,0.0000,0.0000,0.0000,0.0000,0.0000
0.7000,0.0000,0.0000,1.9703,0.0000,0.0000,4.0449,0.0000,0.0000,0.0000,0.0000,0.0000,0.0000
0.7100,0.0000,0.0000,2.0106,0.0000,0.0000,4.0351,0.0000,0.0000,0.0000,0.0000,0.0000,0.0000
0.7200,0.0000,0.0000,2.0508,0.0000,0.0000,4.0234,0.0000,0.0000,0.0000,0.0000,0.0000,0.0000
0.7300,0.0000,0.0000,2.0909,0.0000,0.0000,4.0097,0.0000,0.0000,0.0000,0.0000,0.0000,0.0000
0.7400,0.0000,0.0000,2.1309,0.0000,0.0000,3.9941,0.0000,0.0000,0.0000,0.0000,0.0000,0.0000
0.7500,0.0000,0.0000,2.1707,0.0000,0.0000,3.9766,0.0000,0.0000,0.0000,0.0000,0.0000,0.0000
0.7600,0.0000,0.0000,2.2102,0.0000,0.0000,3.9571,0.0000,0.0000,0.0000,0.0000,0.0000,0.0000
0.7700,0.0000,0.0000,2.2496,0.0000,0.0000,3.9358,0.0000,0.0000,0.0000,0.0000,0.0000,0.0000
0.7800,0.0000,0.0000,2.2887,0.0000,0.0000,3.9125,0.0000,0.0000,0.0000,0.0000,0.0000,0.0000
0.7900,0.0000,0.0000,2.3276,0.0000,0.0000,3.8874,0.0000,0.0000,0.0000,0.0000,0.0000,0.0000
0.8000,0.0000,0.0000,2.3662,0.0000,0.0000,3.8604,0.0000,0.0000,0.0000,0.0000,0.0000,0.0000
0.8100,0.0000,0.0000,2.4045,0.0000,0.0000,3.8316,0.0000,0.0000,0.0000,0.0000,0.0000,0.0000
0.8200,0.0000,0.0000,2.4425,0.0000,0.0000,3.8010,0.0000,0.0000,0.0000,0.0000,0.0000,0.0000
0.8300,0.0000,0.0000,2.4802,0.0000,0.0000,3.7686,0.0000,0.0000,0.0000,0.0000,0.0000,0.0000
0.8400,0.0000,0.0000,2.5175,0.0000,0.0000,3.7344,0.0000,0.0000,0.0000,0.0000,0.0000,0.0000
0.8500,0.0000,0.0000,2.5545,0.0000,0.0000,3.6985,0.0000,0.0000,0.0000,0.0000,0.0000,0.0000
0.8600,0.0000,0.0000,2.5911,0.0000,0.0000,3.6609,0.0000,0.0000,0.0000,0.0000,0.0000,0.0000
0.8700,0.0000,0.0000,2.6273,0.0000,0.0000,3.6215,0.0000,0.0000,0.0000,0.0000,0.0000,0.0000
0.8800,0.0000,0.0000,2.6632,0.0000,0.0000,3.5805,0.0000,0.0000,0.0000,0.0000,0.0000,0.0000
0.8900,0.0000,0.0000,2.6985,0.0000,0.0000,3.5378,0.0000,0.0000,0.0000,0.0000,0.0000,0.0000
0.9000,0.0000,0.0000,2.7335,0.0000,0.0000,3.4935,0.0000,0.0000,0.0000,0.0000,0.0000,0.0000
0.9100,0.0000,0.0000,2.7679,0.0000,0.0000,3.4476,0.0000,0.0000,0.0000,0.0000,0.0000,0.0000
0.9200,0.0000,0.0000,2.8019,0.0000,0.0000,3.4001,0.0000,0.0000,0.0000,0.0000,0.0000,0.0000
0.9300,0.0000,0.0000,2.8355,0.0000,0.0000,3.3511,0.0000,0.0000,0.0000,0.0000,0.0000,0.0000
0.9400,0.0000,0.0000,2.8685,0.0000,0.0000,3.3006,0.0000,0.0000,0.0000,0.0000,0.0000,0.0000
0.9500,0.0000,0.0000,2.9009,0.0000,0.0000,3.2486,0.0000,0.0000,0.0000,0.0000,0.0000,0.0000
0.9600,0.0000,0.0000,2.9329,0.0000,0.0000,3.1951,0.0000,0.0000,0.0000,0.0000,0.0000,0.0000
0.9700,0.0000,0.0000,2.9643,0.0000,0.0000,3.1402,0.0000,0.0000,0.0000,0.0000,0.0000,0.0000
0.9800,0.0000,0.0000,2.9951,0.0000,0.0000,3.0839,0.0000,0.0000,0.0000,0.0000,0.0000,0.0000
0.9900,0.0000,0.0000,3.0254,0.0000,0.0000,3.0263,0.0000,0.0000,0.0000,0.0000,0.0000,0.0000
1.0000,0.0000,0.0000,3.0551,0.0000,0.0000,2.9673,0.0000,0.0000,0.0000,0.0000,0.0000,0.0000
1.0100,0.0000,0.0000,3.0841,0.0000,0.0000,2.9070,0.0000,0.0000,0.0000,0.0000,0.0000,0.0000
1.0200,0.0000,0.0000,3.1126,0.0000,0.0000,2.8455,0.0000,0.0000,0.0000,0.0000,0.0000,0.0000
1.0300,0.0000,0.0000,3.1404,0.0000,0.0000,2.7827,0.0000,0.0000,0.0000,0.0000,0.0000,0.0000
1.0400,0.0000,0.0000,3.1676,0.0000,0.0000,2.7188,0.0000,0.0000,0.0000,0.0000,0.0000,0.0000
1.0500,0.0000,0.0000,3.1942,0.0000,0.0000,2.6537,0.0000,0.0000,0.0000,0.0000,0.0000,0.0000
1.0600,0.0000,0.0000,3.2200,0.0000,0.0000,2.5875,0.0000,0.0000,0.0000,0.0000,0.0000,0.0000
1.0700,0.0000,0.0000,3.2452,0.0000,0.0000,2.5202,0.0000,0.0000,0.0000,0.0000,0.0000,0.0000
1.0800,0.0000,0.0000,3.2697,0.0000,0.0000,2.4518,0.0000,0.0000,0.0000,0.0000,0.0000,0.0000
1.0900,0.0000,0.0000,3.2936,0.0000,0.0000,2.3824,0.0000,0.0000,0.0000,0.0000,0.0000,0.0000
1.1000,0.0000,0.0000,3.3167,0.0000,0.0000,2.3121,0.0000,0.0000,0.0000,0.0000,0.0000,0.0000
1.1100,0.0000,0.0000,3.3391,0.0000,0.0000,2.2408,0.0000,0.0000,0.0000,0.0000,0.0000,0.0000
1.1200,0.0000,0.0000,3.3608,0.0000,0.0000,2.1687,0.0000,0.0000,0.0000,0.0000,0.0000,0.0000
1.1300,0.0000,0.0000,3.3817,0.0000,0.0000,2.0956,0.0000,0.0000,0.0000,0.0000,0.0000,0.0000
1.1400,0.0000,0.0000,3.4020,0.0000,0.0000,2.0218,0.0000,0.0000,0.0000,0.0000,0.0000,0.0000
1.1500,0.0000,0.0000,3.4214,0.0000,0.0000,1.9471,0.0000,0.0000,0.0000,0.0000,0.0000,0.0000
1.1600,0.0000,0.0000,3.4401,0.0000,0.0000,1.8718,0.0000,0.0000,0.0000,0.0000,0.0000,0.0000
1.1700,0.0000,0.0000,3.4581,0.0000,0.0000,1.7957,0.0000,0.0000,0.0000,0.0000,0.0000,0.0000
1.1800,0.0000,0.0000,3.4753,0.0000,0.0000,1.7189,0.0000,0.0000,0.0000,0.0000,0.0000,0.0000
1.1900,0.0000,0.0000,3.4917,0.0000,0.0000,1.6416,0.0000,0.0000,0.0000,0.0000,0.0000,0.0000
1.2000,0.0000,0.0000,3.5073,0.0000,0.0000,1.5636,0.0000,0.0000,0.0000,0.0000,0.0000,0.0000
1.2100,0.0000,0.0000,3.5222,0.0000,0.0000,1.4851,0.0000,0.0000,0.0000,0.0000,0.0000,0.0000
1.2200,0.0000,0.0000,3.5363,0.0000,0.0000,1.4061,0.0000,0.0000,0.0000,0.0000,0.0000,0.0000
1.2300,0.0000,0.0000,3.5495,0.0000,0.0000,1.3267,0.0000,0.0000,0.0000,0.0000,0.0000,0.0000
1.2400,0.0000,0.0000,3.5620,0.0000,0.0000,1.2468,0.0000,0.0000,0.0000,0.0000,0.0000,0.0000
1.2500,0.0000,0.0000,3.5737,0.0000,0.0000,1.1665,0.0000,0.0000,0.0000,0.0000,0.0000,0.0000
1.2600,0.0000,0.0000,3.5845,0.0000,0.0000,1.0859,0.0000,0.0000,0.0000,0.0000,0.0000,0.0000
1.2700,0.0000,0.0000,3.5946,0.0000,0.0000,1.0050,0.0000,0.0000,0.0000,0.0000,0.0000,0.0000
1.2800,0.0000,0.0000,3.6038,0.0000,0.0000,0.9239,0.0000,0.0000,0.0000,0.0000,0.0000,0.0000
1.2900,0.0000,0.0000,3.6122,0.0000,0.0000,0.8425,0.0000,0.0000,0.0000,0.0000,0.0000,0.0000
1.3000,0.0000,0.0000,3.6198,0.0000,0.0000,0.7610,0.0000,0.0000,0.0000,0.0000,0.0000,0.0000
1.3100,0.0000,0.0000,3.6266,0.0000,0.0000,0.6793,0.0000,0.0000,0.0000,0.0000,0.0000,0.0000
1.3200,0.0000,0.0000,3.6326,0.0000,0.0000,0.5975,0.0000,0.0000,0.0000,0.0000,0.0000,0.0000
1.3300,0.0000,0.0000,3.6378,0.0000,0.0000,0.5157,0.0000,0.0000,0.0000,0.0000,0.0000,0.0000
1.3400,0.0000,0.0000,3.6421,0.0000,0.0000,0.4338,0.0000,0.0000,0.0000,0.0000,0.0000,0.0000
1.3500,0.0000,0.0000,3.6456,0.0000,0.0000,0.3520,0.0000,0.0000,0.0000,0.0000,0.0000,0.0000
1.3600,0.0000,0.0000,3.6483,0.0000,0.0000,0.2703,0.0000,0.0000,0.0000,0.0000,0.0000,0.0000
1.3700,0.0000,0.0000,3.6502,0.0000,0.0000,0.1886,0.0000,0.0000,0.0000,0.0000,0.0000,0.0000
1.3800,0.0000,0.0000,3.6513,0.0000,0.0000,0.1072,0.0000,0.0000,0.0000,0.0000,0.0000,0.0000
1.3900,0.0000,0.0000,3.6515,0.0000,0.0000,0.0259,0.0000,0.0000,0.0000,0.0000,0.0000,0.0000
1.4000,0.0000,0.0000,3.6510,0.0000,0.0000,-0.0552,0.0000,0.0000,0.0000,0.0000,0.0000,0.0000
1.4100,0.0000,0.0000,3.6496,0.0000,0.0000,-0.1360,0.0000,0.0000,0.0000,0.0000,0.0000,0.0000
1.4200,0.0000,0.0000,3.6475,0.0000,0.0000,-0.2165,0.0000,0.0000,0.0000,0.0000,0.0000,0.0000
1.4300,0.0000,0.0000,3.6445,0.0000,0.0000,-0.2967,0.0000,0.0000,0.0000,0.0000,0.0000,0.0000
1.4400,0.0000,0.0000,3.6407,0.0000,0.0000,-0.3764,0.0000,0.0000,0.0000,0.0000,0.0000,0.0000
1.4500,0.0000,0.0000,3.6362,0.0000,0.0000,-0.4558,0.0000,0.0000,0.0000,0.0000,0.0000,0.0000
1.4600,0.0000,0.0000,3.6308,0.0000,0.0000,-0.5346,0.0000,0.0000,0.0000,0.0000,0.0000,0.0000
1.4700,0.0000,0.0000,3.6247,0.0000,0.0000,-0.6130,0.0000,0.0000,0.0000,0.0000,0.0000,0.0000
1.4800,0.0000,0.0000,3.6178,0.0000,0.0000,-0.6909,0.0000,0.0000,0.0000,0.0000,0.0000,0.0000
1.4900,0.0000,0.0000,3.6101,0.0000,0.0000,-0.7681,0.0000,0.0000,0.0000,0.0000,0.0000,0.0000
1.5000,0.0000,0.0000,3.6017,0.0000,0.0000,-0.8448,0.0000,0.0000,0.0000,0.0000,0.0000,0.0000
1.5100,0.0000,0.0000,3.5925,0.0000,0.0000,-0.9208,0.0000,0.0000,0.0000,0.0000,0.0000,0.0000
1.5200,0.0000,0.0000,3.5825,0.0000,0.0000,-0.9962,0.0000,0.0000,0.0000,0.0000,0.0000,0.0000
1.5300,0.0000,0.0000,3.5718,0.0000,0.0000,-1.0708,0.0000,0.0000,0.0000,0.0000,0.0000,0.0000
1.5400,0.0000,0.0000,3.5603,0.0000,0.0000,-1.1447,0.0000,0.0000,0.0000,0.0000,0.0000,0.0000
1.5500,0.0000,0.0000,3.5482,0.0000,0.0000,-1.2177,0.0000,0.0000,0.0000,0.0000,0.0000,0.0000
1.5600,0.0000,0.0000,3.5353,0.0000,0.0000,-1.2900,0.0000,0.0000,0.0000,0.0000,0.0000,0.0000
1.5700,0.0000,0.0000,3.5216,0.0000,0.0000,-1.3614,0.0000,0.0000,0.0000,0.0000,0.0000,0.0000
1.5800,0.0000,0.0000,3.5073,0.0000,0.0000,-1.4319,0.0000,0.0000,0.0000,0.0000,0.0000,0.0000
1.5900,0.0000,0.0000,3.4923,0.0000,0.0000,-1.5015,0.0000,0.0000,0.0000,0.0000,0.0000,0.0000
1.6000,0.0000,0.0000,3.4766,0.0000,0.0000,-1.5702,0.0000,0.0000,0.0000,0.0000,0.0000,0.0000
1.6100,0.0000,0.0000,3.4602,0.0000,0.0000,-1.6379,0.0000,0.0000,0.0000,0.0000,0.0000,0.0000
1.6200,0.0000,0.0000,3.4432,0.0000,0.0000,-1.7045,0.0000,0.0000,0.0000,0.0000,0.0000,0.0000
1.6300,0.0000,0.0000,3.4255,0.0000,0.0000,-1.7702,0.0000,0.0000,0.0000,0.0000,0.0000,0.0000
1.6400,0.0000,0.0000,3.4071,0.0000,0.0000,-1.8347,0.0000,0.0000,0.0000,0.0000,0.0000,0.0000
1.6500,0.0000,0.0000,3.3882,0.0000,0.0000,-1.8982,0.0000,0.0000,0.0000,0.0000,0.0000,0.0000
1.6600,0.0000,0.0000,3.3686,0.0000,0.0000,-1.9605,0.0000,0.0000,0.0000,0.0000,0.0000,0.0000
1.6700,0.0000,0.0000,3.3483,0.0000,0.0000,-2.0217,0.0000,0.0000,0.0000,0.0000,0.0000,0.0000
1.6800,0.0000,0.0000,3.3275,0.0000,0.0000,-2.0817,0.0000,0.0000,0.0000,0.0000,0.0000,0.0000
1.6900,0.0000,0.0000,3.3061,0.0000,0.0000,-2.1404,0.0000,0.0000,0.0000,0.0000,0.0000,0.0000
1.7000,0.0000,0.0000,3.2841,0.0000,0.0000,-2.1980,0.0000,0.0000,0.0000,0.0000,0.0000,0.0000
1.7100,0.0000,0.0000,3.2616,0.0000,0.0000,-2.2543,0.0000,0.0000,0.0000,0.0000,0.0000,0.0000
1.7200,0.0000,0.0000,3.2385,0.0000,0.0000,-2.3093,0.0000,0.0000,0.0000,0.0000,0.0000,0.0000
1.7300,0.0000,0.0000,3.2149,0.0000,0.0000,-2.3630,0.0000,0.0000,0.0000,0.0000,0.0000,0.0000
1.7400,0.0000,0.0000,3.1907,0.0000,0.0000,-2.4154,0.0000,0.0000,0.0000,0.0000,0.0000,0.0000
1.7500,0.0000,0.0000,3.1660,0.0000,0.0000,-2.4664,0.0000,0.0000,0.0000,0.0000,0.0000,0.0000
1.7600,0.0000,0.0000,3.1409,0.0000,0.0000,-2.5160,0.0000,0.0000,0.0000,0.0000,0.0000,0.0000
1.7700,0.0000,0.0000,3.1152,0.0000,0.0000,-2.5643,0.0000,0.0000,0.0000,0.0000,0.0000,0.0000
1.7800,0.0000,0.0000,3.0891,0.0000,0.0000,-2.6111,0.0000,0.0000,0.0000,0.0000,0.0000,0.0000
1.7900,0.0000,0.0000,3.0626,0.0000,0.0000,-2.6566,0.0000,0.0000,0.0000,0.0000,0.0000,0.0000
1.8000,0.0000,0.0000,3.0356,0.0000,0.0000,-2.7005,0.0000,0.0000,0.0000,0.0000,0.0000,0.0000
1.8100,0.0000,0.0000,3.0081,0.0000,0.0000,-2.7430,0.0000,0.0000,0.0000,0.0000,0.0000,0.0000
1.8200,0.0000,0.0000,2.9803,0.0000,0.0000,-2.7840,0.0000,0.0000,0.0000,0.0000,0.0000,0.0000
1.8300,0.0000,0.0000,2.9521,0.0000,0.0000,-2.8236,0.0000,0.0000,0.0000,0.0000,0.0000,0.0000
1.8400,0.0000,0.0000,2.9234,0.0000,0.0000,-2.8616,0.0000,0.0000,0.0000,0.0000,0.0000,0.0000
1.8500,0.0000,0.0000,2.8945,0.0000,0.0000,-2.8980,0.0000,0.0000,0.0000,0.0000,0.0000,0.0000
1.8600,0.0000,0.0000,2.8651,0.0000,0.0000,-2.9330,0.0000,0.0000,0.0000,0.0000,0.0000,0.0000
1.8700,0.0000,0.0000,2.8355,0.0000,0.0000,-2.9664,0.0000,0.0000,0.0000,0.0000,0.0000,0.0000
1.8800,0.0000,0.0000,2.8055,0.0000,0.0000,-2.9982,0.0000,0.0000,0.0000,0.0000,0.0000,0.0000
1.8900,0.0000,0.0000,2.7752,0.0000,0.0000,-3.0284,0.0000,0.0000,0.0000,0.0000,0.0000,0.0000
1.9000,0.0000,0.0000,2.7446,0.0000,0.0000,-3.0570,0.0000,0.0000,0.0000,0.0000,0.0000,0.0000
1.9100,0.0000,0.0000,2.7138,0.0000,0.0000,-3.0841,0.0000,0.0000,0.0000,0.0000,0.0000,0.0000
1.9200,0.0000,0.0000,2.6827,0.0000,0.0000,-3.1095,0.0000,0.0000,0.0000,0.0000,0.0000,0.0000
1.9300,0.0000,0.0000,2.6514,0.0000,0.0000,-3.1334,0.0000,0.0000,0.0000,0.0000,0.0000,0.0000
1.9400,0.0000,0.0000,2.6198,0.0000,0.0000,-3.1556,0.0000,0.0000,0.0000,0.0000,0.0000,0.0000
1.9500,0.0000,0.0000,2.5880,0.0000,0.0000,-3.1762,0.0000,0.0000,0.0000,0.0000,0.0000,0.0000
1.9600,0.0000,0.0000,2.5561,0.0000,0.0000,-3.1951,0.0000,0.0000,0.0000,0.0000,0.0000,0.0000
1.9700,0.0000,0.0000,2.5240,0.0000,0.0000,-3.2124,0.0000,0.0000,0.0000,0.0000,0.0000,0.0000
1.9800,0.0000,0.0000,2.4917,0.0000,0.0000,-3.2281,0.0000,0.0000,0.0000,0.0000,0.0000,0.0000
1.9900,0.0000,0.0000,2.4593,0.0000,0.0000,-3.2421,0.0000,0.0000,0.0000,0.0000,0.0000,0.0000
2.0000,0.0000,0.0000,2.4267,0.0000,0.0000,-3.2545,0.0000,0.0000,0.0000,0.0000,0.0000,0.0000
2.0100,0.0000,0.0000,2.3941,0.0000,0.0000,-3.2652,0.0000,0.0000,0.0000,0.0000,0.0000,0.0000
2.0200,0.0000,0.0000,2.3613,0.0000,0.0000,-3.2743,0.0000,0.0000,0.0000,0.0000,0.0000,0.0000
2.0300,0.0000,0.0000,2.3285,0.0000,0.0000,-3.2818,0.0000,0.0000,0.0000,0.0000,0.0000,0.0000
2.0400,0.0000,0.0000,2.2956,0.0000,0.0000,-3.2876,0.0000,0.0000,0.0000,0.0000,0.0000,0.0000
2.0500,0.0000,0.0000,2.2627,0.0000,0.0000,-3.2917,0.0000,0.0000,0.0000,0.0000,0.0000,0.0000
2.0600,0.0000,0.0000,2.2298,0.0000,0.0000,-3.2943,0.0000,0.0000,0.0000,0.0000,0.0000,0.0000
2.0700,0.0000,0.0000,2.1968,0.0000,0.0000,-3.2951,0.0000,0.0000,0.0000,0.0000,0.0000,0.0000
2.0800,0.0000,0.0000,2.1639,0.0000,0.0000,-3.2944,0.0000,0.0000,0.0000,0.0000,0.0000,0.0000
2.0900,0.0000,0.0000,2.1310,0.0000,0.0000,-3.2920,0.0000,0.0000,0.0000,0.0000,0.0000,0.0000
2.1000,0.0000,0.0000,2.0981,0.0000,0.0000,-3.2880,0.0000,0.0000,0.0000,0.0000,0.0000,0.0000
2.1100,0.0000,0.0000,2.0653,0.0000,0.0000,-3.2824,0.0000,0.0000,0.0000,0.0000,0.0000,0.0000
2.1200,0.0000,0.0000,2.0325,0.0000,0.0000,-3.2752,0.0000,0.0000,0.0000,0.0000,0.0000,0.0000
2.1300,0.0000,0.0000,1.9998,0.0000,0.0000,-3.2663,0.0000,0.0000,0.0000,0.0000,0.0000,0.0000
2.1400,0.0000,0.0000,1.9673,0.0000,0.0000,-3.2559,0.0000,0.0000,0.0000,0.0000,0.0000,0.0000
2.1500,0.0000,0.0000,1.9348,0.0000,0.0000,-3.2439,0.0000,0.0000,0.0000,0.0000,0.0000,0.0000
2.1600,0.0000,0.0000,1.9025,0.0000,0.0000,-3.2304,0.0000,0.0000,0.0000,0.0000,0.0000,0.0000
2.1700,0.0000,0.0000,1.8704,0.0000,0.0000,-3.2153,0.0000,0.0000,0.0000,0.0000,0.0000,0.0000
2.1800,0.0000,0.0000,1.8384,0.0000,0.0000,-3.1986,0.0000,0.0000,0.0000,0.0000,0.0000,0.0000
2.1900,0.0000,0.0000,1.8066,0.0000,0.0000,-3.1804,0.0000,0.0000,0.0000,0.0000,0.0000,0.0000
2.2000,0.0000,0.0000,1.7750,0.0000,0.0000,-3.1607,0.0000,0.0000,0.0000,0.0000,0.0000,0.0000
2.2100,0.0000,0.0000,1.7436,0.0000,0.0000,-3.1395,0.0000,0.0000,0.0000,0.0000,0.0000,0.0000
2.2200,0.0000,0.0000,1.7124,0.0000,0.0000,-3.1168,0.0000,0.0000,0.0000,0.0000,0.0000,0.0000
2.2300,0.0000,0.0000,1.6815,0.0000,0.0000,-3.0926,0.0000,0.0000,0.0000,0.0000,0.0000,0.0000
2.2400,0.0000,0.0000,1.6508,0.0000,0.0000,-3.0670,0.0000,0.0000,0.0000,0.0000,0.0000,0.0000
2.2500,0.0000,0.0000,1.6204,0.0000,0.0000,-3.0399,0.0000,0.0000,0.0000,0.0000,0.0000,0.0000
2.2600,0.0000,0.0000,1.5903,0.0000,0.0000,-3.0114,0.0000,0.0000,0.0000,0.0000,0.0000,0.0000
2.2700,0.0000,0.0000,1.5605,0.0000,0.0000,-2.9815,0.0000,0.0000,0.0000,0.0000,0.0000,0.0000
2.2800,0.0000,0.0000,1.5310,0.0000,0.0000,-2.9502,0.0000,0.0000,0.0000,0.0000,0.0000,0.0000
2.2900,0.0000,0.0000,1.5018,0.0000,0.0000,-2.9176,0.0000,0.0000,0.0000,0.0000,0.0000,0.0000
2.3000,0.0000,0.0000,1.4730,0.0000,0.0000,-2.8836,0.0000,0.0000,0.0000,0.0000,0.0000,0.0000
2.3100,0.0000,0.0000,1.4445,0.0000,0.0000,-2.8483,0.0000,0.0000,0.0000,0.0000,0.0000,0.0000
2.3200,0.0000,0.0000,1.4164,0.0000,0.0000,-2.8116,0.0000,0.0000,0.0000,0.0000,0.0000,0.0000
2.3300,0.0000,0.0000,1.3886,0.0000,0.0000,-2.7737,0.0000,0.0000,0.0000,0.0000,0.0000,0.0000
2.3400,0.0000,0.0000,1.3613,0.0000,0.0000,-2.7346,0.0000,0.0000,0.0000,0.0000,0.0000,0.0000
2.3500,0.0000,0.0000,1.3344,0.0000,0.0000,-2.6942,0.0000,0.0000,0.0000,0.0000,0.0000,0.0000
2.3600,0.0000,0.0000,1.3078,0.0000,0.0000,-2.6525,0.0000,0.0000,0.0000,0.0000,0.0000,0.0000
2.3700,0.0000,0.0000,1.2817,0.0000,0.0000,-2.6097,0.0000,0.0000,0.0000,0.0000,0.0000,0.0000
2.3800,0.0000,0.0000,1.2561,0.0000,0.0000,-2.5658,0.0000,0.0000,0.0000,0.0000,0.0000,0.0000
2.3900,0.0000,0.0000,1.2309,0.0000,0.0000,-2.5207,0.0000,0.0000,0.0000,0.0000,0.0000,0.0000
2.4000,0.0000,0.0000,1.2061,0.0000,0.0000,-2.4745,0.0000,0.0000,0.0000,0.0000,0.0000,0.0000
2.4100,0.0000,0.0000,1.1819,0.0000,0.0000,-2.4272,0.0000,0.0000,0.0000,0.0000,0.0000,0.0000
2.4200,0.0000,0.0000,1.1581,0.0000,0.0000,-2.3788,0.0000,0.0000,0.0000,0.0000,0.0000,0.0000
2.4300,0.0000,0.0000,1.1348,0.0000,0.0000,-2.3294,0.0000,0.0000,0.0000,0.0000,0.0000,0.0000
2.4400,0.0000,0.0000,1.1120,0.0000,0.0000,-2.2790,0.0000,0.0000,0.0000,0.0000,0.0000,0.0000
2.4500,0.0000,0.0000,1.0897,0.0000,0.0000,-2.2277,0.0000,0.0000,0.0000,0.0000,0.0000,0.0000
2.4600,0.0000,0.0000,1.0680,0.0000,0.0000,-2.1754,0.0000,0.0000,0.0000,0.0000,0.0000,0.0000
2.4700,0.0000,0.0000,1.0467,0.0000,0.0000,-2.1221,0.0000,0.0000,0.0000,0.0000,0.0000,0.0000
2.4800,0.0000,0.0000,1.0261,0.0000,0.0000,-2.0680,0.0000,0.0000,0.0000,0.0000,0.0000,0.0000
2.4900,0.0000,0.0000,1.0059,0.0000,0.0000,-2.0130,0.0000,0.0000,0.0000,0.0000,0.0000,0.0000
2.5000,0.0000,0.0000,0.9864,0.0000,0.0000,-1.9572,0.0000,0.0000,0.0000,0.0000,0.0000,0.0000
2.5100,0.0000,0.0000,0.9673,0.0000,0.0000,-1.9006,0.0000,0.0000,0.0000,0.0000,0.0000,0.0000
2.5200,0.0000,0.0000,0.9489,0.0000,0.0000,-1.8432,0.0000,0.0000,0.0000,0.0000,0.0000,0.0000
2.5300,0.0000,0.0000,0.9311,0.0000,0.0000,-1.7851,0.0000,0.0000,0.0000,0.0000,0.0000,0.0000
2.5400,0.0000,0.0000,0.9138,0.0000,0.0000,-1.7262,0.0000,0.0000,0.0000,0.0000,0.0000,0.0000
2.5500,0.0000,0.0000,0.8971,0.0000,0.0000,-1.6667,0.0000,0.0000,0.0000,0.0000,0.0000,0.0000
2.5600,0.0000,0.0000,0.8811,0.0000,0.0000,-1.6065,0.0000,0.0000,0.0000,0.0000,0.0000,0.0000
2.5700,0.0000,0.0000,0.8656,0.0000,0.0000,-1.5458,0.0000,0.0000,0.0000,0.0000,0.0000,0.0000
2.5800,0.0000,0.0000,0.8508,0.0000,0.0000,-1.4844,0.0000,0.0000,0.0000,0.0000,0.0000,0.0000
2.5900,0.0000,0.0000,0.8365,0.0000,0.0000,-1.4225,0.0000,0.0000,0.0000,0.0000,0.0000,0.0000
2.6000,0.0000,0.0000,0.8229,0.0000,0.0000,-1.3601,0.0000,0.0000,0.0000,0.0000,0.0000,0.0000
2.6100,0.0000,0.0000,0.8100,0.0000,0.0000,-1.2972,0.0000,0.0000,0.0000,0.0000,0.0000,0.0000
2.6200,0.0000,0.0000,0.7976,0.0000,0.0000,-1.2338,0.0000,0.0000,0.0000,0.0000,0.0000,0.0000
2.6300,0.0000,0.0000,0.7859,0.0000,0.0000,-1.1700,0.0000,0.0000,0.0000,0.0000,0.0000,0.0000
2.6400,0.0000,0.0000,0.7749,0.0000,0.0000,-1.1058,0.0000,0.0000,0.0000,0.0000,0.0000,0.0000
2.6500,0.0000,0.0000,0.7645,0.0000,0.0000,-1.0413,0.0000,0.0000,0.0000,0.0000,0.0000,0.0000
2.6600,0.0000,0.0000,0.7547,0.0000,0.0000,-0.9765,0.0000,0.0000,0.0000,0.0000,0.0000,0.0000
2.6700,0.0000,0.0000,0.7456,0.0000,0.0000,-0.9113,0.0000,0.0000,0.0000,0.0000,0.0000,0.0000
2.6800,0.0000,0.0000,0.7371,0.0000,0.0000,-0.8459,0.0000,0.0000,0.0000,0.0000,0.0000,0.0000
2.6900,0.0000,0.0000,0.7293,0.0000,0.0000,-0.7803,0.0000,0.0000,0.0000,0.0000,0.0000,0.0000
2.7000,0.0000,0.0000,0.7222,0.0000,0.0000,-0.7145,0.0000,0.0000,0.0000,0.0000,0.0000,0.0000
2.7100,0.0000,0.0000,0.7157,0.0000,0.0000,-0.6486,0.0000,0.0000,0.0000,0.0000,0.0000,0.0000
2.7200,0.0000,0.0000,0.7099,0.0000,0.0000,-0.5825,0.0000,0.0000,0.0000,0.0000,0.0000,0.0000
2.7300,0.0000,0.0000,0.7047,0.0000,0.0000,-0.5163,0.0000,0.0000,0.0000,0.0000,0.0000,0.0000
2.7400,0.0000,0.0000,0.7002,0.0000,0.0000,-0.4501,0.0000,0.0000,0.0000,0.0000,0.0000,0.0000
2.7500,0.0000,0.0000,0.6964,0.0000,0.0000,-0.3838,0.0000,0.0000,0.0000,0.0000,0.0000,0.0000
2.7600,0.0000,0.0000,0.6932,0.0000,0.0000,-0.3176,0.0000,0.0000,0.0000,0.0000,0.0000,0.0000
2.7700,0.0000,0.0000,0.6907,0.0000,0.0000,-0.2514,0.0000,0.0000,0.0000,0.0000,0.0000,0.0000
2.7800,0.0000,0.0000,0.6888,0.0000,0.0000,-0.1852,0.0000,0.0000,0.0000,0.0000,0.0000,0.0000
2.7900,0.0000,0.0000,0.6876,0.0000,0.0000,-0.1192,0.0000,0.0000,0.0000,0.0000,0.0000,0.0000
2.8000,0.0000,0.0000,0.6871,0.0000,0.0000,-0.0533,0.0000,0.0000,0.0000,0.0000,0.0000,0.0000
2.8100,0.0000,0.0000,0.6872,0.0000,0.0000,0.0124,0.0000,0.0000,0.0000,0.0000,0.0000,0.0000
2.8200,0.0000,0.0000,0.6880,0.0000,0.0000,0.0779,0.0000,0.0000,0.0000,0.0000,0.0000,0.0000
2.8300,0.0000,0.0000,0.6894,0.0000,0.0000,0.1431,0.0000,0.0000,0.0000,0.0000,0.0000,0.0000
2.8400,0.0000,0.0000,0.6915,0.0000,0.0000,0.2082,0.0000,0.0000,0.0000,0.0000,0.0000,0.0000
2.8500,0.0000,0.0000,0.6942,0.0000,0.0000,0.2729,0.0000,0.0000,0.0000,0.0000,0.0000,0.0000
2.8600,0.0000,0.0000,0.6976,0.0000,0.0000,0.3372,0.0000,0.0000,0.0000,0.0000,0.0000,0.0000
2.8700,0.0000,0.0000,0.7016,0.0000,0.0000,0.4013,0.0000,0.0000,0.0000,0.0000,0.0000,0.0000
2.8800,0.0000,0.0000,0.7063,0.0000,0.0000,0.4649,0.0000,0.0000,0.0000,0.0000,0.0000,0.0000
2.8900,0.0000,0.0000,0.7116,0.0000,0.0000,0.5281,0.0000,0.0000,0.0000,0.0000,0.0000,0.0000
2.9000,0.0000,0.0000,0.7175,0.0000,0.0000,0.5908,0.0000,0.0000,0.0000,0.0000,0.0000,0.0000
2.9100,0.0000,0.0000,0.7240,0.0000,0.0000,0.6531,0.0000,0.0000,0.0000,0.0000,0.0000,0.0000
2.9200,0.0000,0.0000,0.7311,0.0000,0.0000,0.7149,0.0000,0.0000,0.0000,0.0000,0.0000,0.0000
2.9300,0.0000,0.0000,0.7389,0.0000,0.0000,0.7761,0.0000,0.0000,0.0000,0.0000,0.0000,0.0000
2.9400,0.0000,0.0000,0.7473,0.0000,0.0000,0.8368,0.0000,0.0000,0.0000,0.0000,0.0000,0.0000
2.9500,0.0000,0.0000,0.7562,0.0000,0.0000,0.8968,0.0000,0.0000,0.0000,0.0000,0.0000,0.0000
2.9600,0.0000,0.0000,0.7658,0.0000,0.0000,0.9562,0.0000,0.0000,0.0000,0.0000,0.0000,0.0000
2.9700,0.0000,0.0000,0.7760,0.0000,0.0000,1.0150,0.0000,0.0000,0.0000,0.0000,0.0000,0.0000
2.9800,0.0000,0.0000,0.7867,0.0000,0.0000,1.0731,0.0000,0.0000,0.0000,0.0000,0.0000,0.0000
2.9900,0.0000,0.0000,0.7980,0.0000,0.0000,1.1305,0.0000,0.0000,0.0000,0.0000,0.0000,0.0000
3.0000,0.0000,0.0000,0.8099,0.0000,0.0000,1.1872,0.0000,0.0000,0.0000,0.0000,0.0000,0.0000
3.0100,0.0000,0.0000,0.8223,0.0000,0.0000,1.2431,0.0000,0.0000,0.0000,0.0000,0.0000,0.0000
3.0200,0.0000,-0.0000,0.8353,0.0021,-0.0011,1.2982,0.0000,0.0000,0.0000,0.0000,0.0000,0.0000
3.0300,0.0001,-0.0000,0.8488,0.0070,-0.0035,1.3524,0.0000,0.0000,0.0000,0.0000,0.0000,0.0000
3.0400,0.0002,-0.0001,0.8629,0.0152,-0.0076,1.4056,0.0000,0.0000,0.0000,0.0000,0.0000,0.0000
3.0500,0.0005,-0.0003,0.8774,0.0273,-0.0136,1.4577,0.0000,0.0000,0.0000,0.0000,0.0000,0.0000
3.0600,0.0010,-0.0005,0.8925,0.0437,-0.0218,1.5083,0.0000,0.0000,0.0000,0.0000,0.0000,0.0000
3.0700,0.0016,-0.0008,0.9081,0.0651,-0.0324,1.5572,0.0000,0.0000,0.0000,0.0000,0.0000,0.0000
3.0800,0.0025,-0.0013,0.9241,0.0919,-0.0457,1.6041,0.0000,0.0000,0.0000,0.0000,0.0000,0.0000
3.0900,0.0038,-0.0019,0.9406,0.1246,-0.0617,1.6485,0.0000,0.0000,0.0000,0.0000,0.0000,0.0000
3.1000,0.0054,-0.0027,0.9575,0.1637,-0.0807,1.6900,0.0000,0.0000,0.0000,0.0000,0.0000,0.0000
3.1100,0.0075,-0.0037,0.9748,0.2094,-0.1027,1.7280,0.0000,0.0000,0.0000,0.0000,0.0000,0.0000
3.1200,0.0101,-0.0050,0.9924,0.2622,-0.1277,1.7618,0.0000,0.0000,0.0000,0.0000,0.0000,0.0000
3.1300,0.0133,-0.0065,1.0103,0.3223,-0.1556,1.7908,0.0000,0.0000,0.0000,0.0000,0.0000,0.0000
3.1400,0.0172,-0.0084,1.0285,0.3899,-0.1863,1.8142,0.0000,0.0000,0.0000,0.0000,0.0000,0.0000
3.1500,0.0219,-0.0106,1.0468,0.4652,-0.2195,1.8311,0.0000,0.0000,0.0000,0.0000,0.0000,0.0000
3.1600,0.0274,-0.0131,1.0652,0.5482,-0.2547,1.8409,0.0000,0.0000,0.0000,0.0000,0.0000,0.0000
3.1700,0.0338,-0.0161,1.0836,0.6388,-0.2914,1.8426,0.0000,0.0000,0.0000,0.0000,0.0000,0.0000
3.1800,0.0411,-0.0193,1.1020,0.7368,-0.3290,1.8353,0.0000,0.0000,0.0000,0.0000,0.0000,0.0000
3.1900,0.0496,-0.0230,1.1201,0.8420,-0.3665,1.8184,0.0000,0.0000,0.0000,0.0000,0.0000,0.0000
3.2000,0.0591,-0.0270,1.1381,0.9539,-0.4030,1.7910,0.0000,0.0000,0.0000,0.0000,0.0000,0.0000
3.2100,0.0698,-0.0314,1.1556,1.0719,-0.4373,1.7525,0.0000,0.0000,0.0000,0.0000,0.0000,0.0000
3.2200,0.0818,-0.0361,1.1726,1.1954,-0.4680,1.7026,0.0000,0.0000,0.0000,0.0000,0.0000,0.0000
3.2300,0.0950,-0.0410,1.1890,1.3234,-0.4938,1.6408,0.0000,0.0000,0.0000,0.0000,0.0000,0.0000
3.2400,0.1095,-0.0462,1.2047,1.4548,-0.5131,1.5670,0.0000,0.0000,0.0000,0.0000,0.0000,0.0000
3.2500,0.1254,-0.0514,1.2195,1.5885,-0.5243,1.4816,0.0000,0.0000,0.0000,0.0000,0.0000,0.0000
3.2600,0.1427,-0.0567,1.2333,1.7230,-0.5257,1.3849,0.0000,0.0000,0.0000,0.0000,0.0000,0.0000
3.2700,0.1612,-0.0618,1.2461,1.8567,-0.5158,1.2778,0.0000,0.0000,0.0000,0.0000,0.0000,0.0000
3.2800,0.1811,-0.0668,1.2577,1.9879,-0.4931,1.1615,0.0000,0.0000,0.0000,0.0000,0.0000,0.0000
3.2900,0.2023,-0.0713,1.2681,2.1146,-0.4563,1.0375,0.0000,0.0000,0.0000,0.0000,0.0000,0.0000
3.3000,0.2246,-0.0754,1.2772,2.2347,-0.4045,0.9075,0.0000,0.0000,0.0000,0.0000,0.0000,0.0000
3.3100,0.2481,-0.0787,1.2849,2.3461,-0.3373,0.7739,0.0000,0.0000,0.0000,0.0000,0.0000,0.0000
3.3200,0.2725,-0.0813,1.2913,2.4465,-0.2545,0.6390,0.0000,0.0000,0.0000,0.0000,0.0000,0.0000
3.3300,0.2979,-0.0828,1.2964,2.5336,-0.1568,0.5054,0.0000,0.0000,0.0000,0.0000,0.0000,0.0000
3.3400,0.3239,-0.0833,1.3001,2.6053,-0.0455,0.3756,0.0000,0.0000,0.0000,0.0000,0.0000,0.0000
3.3500,0.3505,-0.0825,1.3026,2.6594,0.0774,0.2521,0.0000,0.0000,0.0000,0.0000,0.0000,0.0000
3.3600,0.3775,-0.0804,1.3040,2.6942,0.2091,0.1371,0.0000,0.0000,0.0000,0.0000,0.0000,0.0000
3.3700,0.4045,-0.0770,1.3043,2.7081,0.3460,0.0321,0.0000,0.0000,0.0000,0.0000,0.0000,0.0000
3.3800,0.4315,-0.0721,1.3037,2.6999,0.4841,-0.0620,0.0000,0.0000,0.0000,0.0000,0.0000,0.0000
3.3900,0.4582,-0.0659,1.3023,2.6693,0.6188,-0.1450,0.0000,0.0000,0.0000,0.0000,0.0000,0.0000
3.4000,0.4844,-0.0585,1.3001,2.6163,0.7454,-0.2181,0.0000,0.0000,0.0000,0.0000,0.0000,0.0000
3.4100,0.5098,-0.0499,1.2973,2.5418,0.8593,-0.2834,0.0000,0.0000,0.0000,0.0000,0.0000,0.0000
3.4200,0.5343,-0.0403,1.2938,2.4473,0.9565,-0.3440,0.0000,0.0000,0.0000,0.0000,0.0000,0.0000
3.4300,0.5576,-0.0300,1.2898,2.3352,1.0334,-0.4041,0.0000,0.0000,0.0000,0.0000,0.0000,0.0000
3.4400,0.5797,-0.0191,1.2851,2.2089,1.0881,-0.4686,0.0000,0.0000,0.0000,0.0000,0.0000,0.0000
3.4500,0.6004,-0.0079,1.2797,2.0722,1.1198,-0.5429,0.0000,0.0000,0.0000,0.0000,0.0000,0.0000
3.4600,0.6197,0.0034,1.2733,1.9297,1.1293,-0.6324,0.0000,0.0000,0.0000,0.0000,0.0000,0.0000
3.4700,0.6376,0.0146,1.2659,1.7866,1.1191,-0.7418,0.0000,0.0000,0.0000,0.0000,0.0000,0.0000
3.4800,0.6541,0.0255,1.2572,1.6485,1.0933,-0.8752,0.0000,0.0000,0.0000,0.0000,0.0000,0.0000
3.4900,0.6693,0.0361,1.2468,1.5210,1.0572,-1.0349,0.0000,0.0000,0.0000,0.0000,0.0000,0.0000
3.5000,0.6834,0.0462,1.2346,1.4101,1.0171,-1.2215,0.0000,0.0000,0.0000,0.0000,0.0000,0.0000
3.5100,0.6966,0.0560,1.2203,1.3212,0.9795,-1.4332,0.0000,0.0000,0.0000,0.0000,0.0000,0.0000
3.5200,0.7092,0.0655,1.2036,1.2593,0.9506,-1.6659,0.0000,0.0000,0.0000,0.0000,0.0000,0.0000
3.5300,0.7215,0.0749,1.1845,1.2287,0.9355,-1.9131,0.0000,0.0000,0.0000,0.0000,0.0000,0.0000
3.5400,0.7338,0.0843,1.1628,1.2323,0.9373,-2.1665,0.0000,0.0000,0.0000,0.0000,0.0000,0.0000
3.5500,0.7465,0.0938,1.1387,1.2717,0.9565,-2.4161,0.0000,0.0000,0.0000,0.0000,0.0000,0.0000
3.5600,0.7600,0.1037,1.1121,1.3464,0.9906,-2.6518,0.0000,0.0000,0.0000,0.0000,0.0000,0.0000
3.5700,0.7745,0.1141,1.0835,1.4541,1.0338,-2.8641,0.0000,0.0000,0.0000,0.0000,0.0000,0.0000
3.5800,0.7904,0.1248,1.0530,1.5900,1.0775,-3.0459,0.0000,0.0000,0.0000,0.0000,0.0000,0.0000
3.5900,0.8079,0.1360,1.0211,1.7471,1.1113,-3.1928,0.0000,0.0000,0.0000,0.0000,0.0000,0.0000
3.6000,0.8271,0.1472,0.9881,1.9164,1.1240,-3.3051,0.0000,0.0000,0.0000,0.0000,0.0000,0.0000
3.6100,0.8479,0.1583,0.9542,2.0874,1.1056,-3.3873,0.0000,0.0000,0.0000,0.0000,0.0000,0.0000
3.6200,0.8704,0.1687,0.9197,2.2486,1.0489,-3.4478,0.0000,0.0000,0.0000,0.0000,0.0000,0.0000
3.6300,0.8943,0.1783,0.8847,2.3883,0.9512,-3.4981,0.0000,0.0000,0.0000,0.0000,0.0000,0.0000
3.6400,0.9193,0.1864,0.8492,2.4958,0.8152,-3.5509,0.0000,0.0000,0.0000,0.0000,0.0000,0.0000
3.6500,0.9449,0.1929,0.8130,2.5619,0.6493,-3.6176,0.0000,0.0000,0.0000,0.0000,0.0000,0.0000
3.6600,0.9707,0.1976,0.7760,2.5800,0.4668,-3.7067,0.0000,0.0000,0.0000,0.0000,0.0000,0.0000
3.6700,0.9962,0.2004,0.7378,2.5468,0.2846,-3.8212,0.0000,0.0000,0.0000,0.0000,0.0000,0.0000
3.6800,1.0208,0.2016,0.6982,2.4628,0.1202,-3.9580,0.0000,0.0000,0.0000,0.0000,0.0000,0.0000
3.6900,1.0441,0.2015,0.6571,2.3325,-0.0103,-4.1073,0.0000,0.0000,0.0000,0.0000,0.0000,0.0000
3.7000,1.0658,0.2006,0.6146,2.1649,-0.0957,-4.2543,0.0000,0.0000,0.0000,0.0000,0.0000,0.0000
3.7100,1.0855,0.1992,0.5708,1.9731,-0.1320,-4.3810,0.0000,0.0000,0.0000,0.0000,0.0000,0.0000
3.7200,1.1032,0.1980,0.5261,1.7732,-0.1234,-4.4700,0.0000,0.0000,0.0000,0.0000,0.0000,0.0000
3.7300,1.1191,0.1972,0.4810,1.5835,-0.0822,-4.5081,0.0000,0.0000,0.0000,0.0000,0.0000,0.0000
3.7400,1.1333,0.1969,0.4361,1.4227,-0.0266,-4.4906,0.0000,0.0000,0.0000,0.0000,0.0000,0.0000
3.7500,1.1464,0.1972,0.3918,1.3077,0.0235,-4.4228,0.0000,0.0000,0.0000,0.0000,0.0000,0.0000
3.7600,1.1589,0.1977,0.3486,1.2516,0.0507,-4.3202,0.0000,0.0000,0.0000,0.0000,0.0000,0.0000
3.7700,1.1715,0.1981,0.3066,1.2622,0.0455,-4.2068,0.0000,0.0000,0.0000,0.0000,0.0000,0.0000
3.7800,1.1849,0.1982,0.2655,1.3402,0.0085,-4.1095,0.0000,0.0000,0.0000,0.0000,0.0000,0.0000
3.7900,1.1997,0.1977,0.2249,1.4792,-0.0480,-4.0532,0.0000,0.0000,0.0000,0.0000,0.0000,0.0000
3.8000,1.2164,0.1967,0.1844,1.6659,-0.1029,-4.0548,0.0000,0.0000,0.0000,0.0000,0.0000,0.0000
3.8100,1.2352,0.1954,0.1432,1.8810,-0.1305,-4.1191,0.0000,0.0000,0.0000,0.0000,0.0000,0.0000
3.8200,1.2562,0.1943,0.1008,2.1009,-0.1070,-4.2376,0.0000,0.0000,0.0000,0.0000,0.0000,0.0000
3.8300,1.2792,0.1941,0.0569,2.2998,-0.0171,-4.3899,0.0000,0.0000,0.0000,0.0000,0.0000,0.0000
3.8400,1.3037,0.1956,0.0114,2.4530,0.1405,-4.5488,0.0000,0.0000,0.0000,0.0000,0.0000,0.0000
3.8500,1.3291,0.1991,0.0000,2.5395,0.3512,0.0000,0.0000,0.0000,0.0000,0.0000,0.0000,0.0000
3.8600,1.3545,0.2047,0.0000,2.5451,0.5662,0.0000,0.0000,0.0000,0.0000,0.0000,0.0000,0.0000
3.8700,1.3793,0.2123,0.0000,2.4761,0.7613,0.0000,0.0000,0.0000,0.0000,0.0000,0.0000,0.0000
3.8800,1.4027,0.2215,0.0000,2.3408,0.9119,0.0000,0.0000,0.0000,0.0000,0.0000,0.0000,0.0000
3.8900,1.4243,0.2314,0.0000,2.1565,0.9984,0.0000,0.0000,0.0000,0.0000,0.0000,0.0000,0.0000
3.9000,1.4438,0.2416,0.0000,1.9480,1.0182,0.0000,0.0000,0.0000,0.0000,0.0000,0.0000,0.0000
3.9100,1.4612,0.2515,0.0000,1.7442,0.9860,0.0000,0.0000,0.0000,0.0000,0.0000,0.0000,0.0000
3.9200,1.4770,0.2608,0.0000,1.5747,0.9297,0.0000,0.0000,0.0000,0.0000,0.0000,0.0000,0.0000
3.9300,1.4916,0.2696,0.0000,1.4646,0.8809,0.0000,0.0000,0.0000,0.0000,0.0000,0.0000,0.0000
3.9400,1.5059,0.2782,0.0000,1.4312,0.8644,0.0000,0.0000,0.0000,0.0000,0.0000,0.0000,0.0000
3.9500,1.5207,0.2871,0.0000,1.4807,0.8886,0.0000,0.0000,0.0000,0.0000,0.0000,0.0000,0.0000
3.9600,1.5368,0.2965,0.0000,1.6061,0.9417,0.0000,0.0000,0.0000,0.0000,0.0000,0.0000,0.0000
3.9700,1.5547,0.3065,0.0000,1.7884,0.9950,0.0000,0.0000,0.0000,0.0000,0.0000,0.0000,0.0000
3.9800,1.5746,0.3166,0.0000,1.9986,1.0124,0.0000,0.0000,0.0000,0.0000,0.0000,0.0000,0.0000
3.9900,1.5967,0.3263,0.0000,2.2019,0.9644,0.0000,0.0000,0.0000,0.0000,0.0000,0.0000,0.0000
4.0000,1.6203,0.3347,0.0000,2.3638,0.8399,0.0000,0.0000,0.0000,0.0000,0.0000,0.0000,0.0000
4.0100,1.6449,0.3412,0.0000,2.4557,0.6532,0.0000,0.0000,0.0000,0.0000,0.0000,0.0000,0.0000
4.0200,1.6695,0.3456,0.0000,2.4637,0.4408,0.0000,0.0000,0.0000,0.0000,0.0000,0.0000,0.0000
4.0300,1.6934,0.3481,0.0000,2.3861,0.2461,0.0000,0.0000,0.0000,0.0000,0.0000,0.0000,0.0000
4.0400,1.7157,0.3491,0.0000,2.2358,0.1067,0.0000,0.0000,0.0000,0.0000,0.0000,0.0000,0.0000
4.0500,1.7361,0.3495,0.0000,2.0375,0.0419,0.0000,0.0000,0.0000,0.0000,0.0000,0.0000,0.0000
4.0600,1.7543,0.3500,0.0000,1.8242,0.0471,0.0000,0.0000,0.0000,0.0000,0.0000,0.0000,0.0000
4.0700,1.7707,0.3510,0.0000,1.6316,0.0963,0.0000,0.0000,0.0000,0.0000,0.0000,0.0000,0.0000
4.0800,1.7856,0.3525,0.0005,1.4917,0.1527,0.0534,0.0000,0.0000,0.0000,0.0000,0.0000,0.0000
4.0900,1.7999,0.3543,0.0021,1.4283,0.1833,0.1571,0.0000,0.0000,0.0000,0.0000,0.0000,0.0000
4.1000,1.8144,0.3560,0.0048,1.4518,0.1716,0.2707,0.0000,0.0000,0.0000,0.0000,0.0000,0.0000
4.1100,1.8300,0.3573,0.0083,1.5581,0.1240,0.3507,0.0000,0.0000,0.0000,0.0000,0.0000,0.0000
4.1200,1.8472,0.3580,0.0120,1.7290,0.0671,0.3652,0.0000,0.0000,0.0000,0.0000,0.0000,0.0000
4.1300,1.8666,0.3583,0.0150,1.9360,0.0378,0.3039,0.0000,0.0000,0.0000,0.0000,0.0000,0.0000
4.1400,1.8881,0.3590,0.0168,2.1450,0.0686,0.1802,0.0000,0.0000,0.0000,0.0000,0.0000,0.0000
4.1500,1.9113,0.3608,0.0171,2.3208,0.1757,0.0258,0.0000,0.0000,0.0000,0.0000,0.0000,0.0000
4.1600,1.9356,0.3643,0.0158,2.4339,0.3508,-0.1222,0.0000,0.0000,0.0000,0.0000,0.0000,0.0000
4.1700,1.9602,0.3699,0.0135,2.4644,0.5635,-0.2354,0.0000,0.0000,0.0000,0.0000,0.0000,0.0000
4.1800,1.9843,0.3776,0.0104,2.4064,0.7700,-0.3054,0.0000,0.0000,0.0000,0.0000,0.0000,0.0000
4.1900,2.0070,0.3869,0.0070,2.2692,0.9282,-0.3470,0.0000,0.0000,0.0000,0.0000,0.0000,0.0000
4.2000,2.0278,0.3970,0.0030,2.0754,1.0126,-0.3935,0.0000,0.0000,0.0000,0.0000,0.0000,0.0000
4.2100,2.0463,0.4072,0.0000,1.8575,1.0217,0.0000,0.0000,0.0000,0.0000,0.0000,0.0000,0.0000
4.2200,2.0629,0.4170,0.0000,1.6532,0.9783,0.0000,0.0000,0.0000,0.0000,0.0000,0.0000,0.0000
4.2300,2.0778,0.4262,0.0000,1.4977,0.9195,0.0000,0.0000,0.0000,0.0000,0.0000,0.0000,0.0000
4.2400,2.0920,0.4350,0.0000,1.4162,0.8810,0.0000,0.0000,0.0000,0.0000,0.0000,0.0000,0.0000
4.2500,2.1062,0.4439,0.0000,1.4227,0.8843,0.0000,0.0000,0.0000,0.0000,0.0000,0.0000,0.0000
4.2600,2.1214,0.4532,0.0000,1.5163,0.9275,0.0000,0.0000,0.0000,0.0000,0.0000,0.0000,0.0000
4.2700,2.1382,0.4630,0.0000,1.6812,0.9867,0.0000,0.0000,0.0000,0.0000,0.0000,0.0000,0.0000
4.2800,2.1571,0.4733,0.0000,1.8895,1.0244,0.0000,0.0000,0.0000,0.0000,0.0000,0.0000,0.0000
4.2900,2.1782,0.4833,0.0000,2.1059,1.0048,0.0000,0.0000,0.0000,0.0000,0.0000,0.0000,0.0000
4.3000,2.2011,0.4924,0.0000,2.2935,0.9078,0.0000,0.0000,0.0000,0.0000,0.0000,0.0000,0.0000
4.3100,2.2253,0.4998,0.0000,2.4200,0.7383,0.0000,0.0000,0.0000,0.0000,0.0000,0.0000,0.0000
4.3200,2.2499,0.5050,0.0000,2.4638,0.5253,0.0000,0.0000,0.0000,0.0000,0.0000,0.0000,0.0000
4.3300,2.2741,0.5082,0.0000,2.4172,0.3127,0.0000,0.0000,0.0000,0.0000,0.0000,0.0000,0.0000
4.3400,2.2970,0.5096,0.0000,2.2880,0.1447,0.0000,0.0000,0.0000,0.0000,0.0000,0.0000,0.0000
4.3500,2.3180,0.5101,0.0000,2.0980,0.0500,0.0000,0.0000,0.0000,0.0000,0.0000,0.0000,0.0000
4.3600,2.3368,0.5104,0.0000,1.8799,0.0329,0.0000,0.0000,0.0000,0.0000,0.0000,0.0000,0.0000
4.3700,2.3535,0.5112,0.0000,1.6709,0.0725,0.0000,0.0000,0.0000,0.0000,0.0000,0.0000,0.0000
4.3800,2.3685,0.5125,0.0004,1.5070,0.1323,0.0356,0.0000,0.0000,0.0000,0.0000,0.0000,0.0000
4.3900,2.3827,0.5142,0.0017,1.4167,0.1745,0.1334,0.0000,0.0000,0.0000,0.0000,0.0000,0.0000
4.4000,2.3969,0.5160,0.0042,1.4154,0.1751,0.2547,0.0000,0.0000,0.0000,0.0000,0.0000,0.0000
4.4100,2.4119,0.5173,0.0078,1.5031,0.1340,0.3529,0.0000,0.0000,0.0000,0.0000,0.0000,0.0000
4.4200,2.4285,0.5181,0.0117,1.6644,0.0746,0.3896,0.0000,0.0000,0.0000,0.0000,0.0000,0.0000
4.4300,2.4472,0.5184,0.0151,1.8714,0.0343,0.3474,0.0000,0.0000,0.0000,0.0000,0.0000,0.0000
4.4400,2.4681,0.5189,0.0175,2.0889,0.0499,0.2351,0.0000,0.0000,0.0000,0.0000,0.0000,0.0000
4.4500,2.4909,0.5203,0.0183,2.2795,0.1433,0.0826,0.0000,0.0000,0.0000,0.0000,0.0000,0.0000
4.4600,2.5150,0.5235,0.0176,2.4101,0.3115,-0.0708,0.0000,0.0000,0.0000,0.0000,0.0000,0.0000
4.4700,2.5396,0.5287,0.0157,2.4576,0.5261,-0.1922,0.0000,0.0000,0.0000,0.0000,0.0000,0.0000
4.4800,2.5637,0.5361,0.0130,2.4129,0.7424,-0.2683,0.0000,0.0000,0.0000,0.0000,0.0000,0.0000
4.4900,2.5866,0.5453,0.0099,2.2830,0.9146,-0.3110,0.0000,0.0000,0.0000,0.0000,0.0000,0.0000
4.5000,2.6075,0.5554,0.0064,2.0902,1.0121,-0.3531,0.0000,0.0000,0.0000,0.0000,0.0000,0.0000
4.5100,2.6261,0.5657,0.0020,1.8677,1.0301,-0.4351,0.0000,0.0000,0.0000,0.0000,0.0000,0.0000
4.5200,2.6427,0.5756,0.0000,1.6539,0.9895,0.0000,0.0000,0.0000,0.0000,0.0000,0.0000,0.0000
4.5300,2.6576,0.5849,0.0000,1.4876,0.9286,0.0000,0.0000,0.0000,0.0000,0.0000,0.0000,0.0000
4.5400,2.6715,0.5937,0.0000,1.3972,0.8863,0.0000,0.0000,0.0000,0.0000,0.0000,0.0000,0.0000
4.5500,2.6855,0.6026,0.0000,1.3980,0.8867,0.0000,0.0000,0.0000,0.0000,0.0000,0.0000,0.0000
4.5600,2.7004,0.6119,0.0000,1.4900,0.9296,0.0000,0.0000,0.0000,0.0000,0.0000,0.0000,0.0000
4.5700,2.7170,0.6218,0.0000,1.6573,0.9905,0.0000,0.0000,0.0000,0.0000,0.0000,0.0000,0.0000
4.5800,2.7357,0.6321,0.0000,1.8709,1.0301,0.0000,0.0000,0.0000,0.0000,0.0000,0.0000,0.0000
4.5900,2.7566,0.6422,0.0000,2.0933,1.0103,0.0000,0.0000,0.0000,0.0000,0.0000,0.0000,0.0000
4.6000,2.7795,0.6513,0.0000,2.2855,0.9100,0.0000,0.0000,0.0000,0.0000,0.0000,0.0000,0.0000
4.6100,2.8036,0.6587,0.0000,2.4138,0.7343,0.0000,0.0000,0.0000,0.0000,0.0000,0.0000,0.0000
4.6200,2.8282,0.6638,0.0000,2.4553,0.5146,0.0000,0.0000,0.0000,0.0000,0.0000,0.0000,0.0000
4.6300,2.8522,0.6668,0.0000,2.4027,0.2976,0.0000,0.0000,0.0000,0.0000,0.0000,0.0000,0.0000
4.6400,2.8748,0.6681,0.0000,2.2650,0.1293,0.0000,0.0000,0.0000,0.0000,0.0000,0.0000,0.0000
4.6500,2.8955,0.6685,0.0000,2.0662,0.0387,0.0000,0.0000,0.0000,0.0000,0.0000,0.0000,0.0000
4.6600,2.9139,0.6687,0.0000,1.8413,0.0279,0.0000,0.0000,0.0000,0.0000,0.0000,0.0000,0.0000
4.6700,2.9302,0.6695,0.0000,1.6300,0.0729,0.0000,0.0000,0.0000,0.0000,0.0000,0.0000,0.0000
4.6800,2.9449,0.6708,0.0005,1.4697,0.1340,0.0486,0.0000,0.0000,0.0000,0.0000,0.0000,0.0000
4.6900,2.9588,0.6725,0.0021,1.3889,0.1724,0.1577,0.0000,0.0000,0.0000,0.0000,0.0000,0.0000
4.7000,2.9728,0.6742,0.0049,1.4019,0.1659,0.2844,0.0000,0.0000,0.0000,0.0000,0.0000,0.0000
4.7100,2.9879,0.6754,0.0087,1.5061,0.1184,0.3797,0.0000,0.0000,0.0000,0.0000,0.0000,0.0000
4.7200,3.0047,0.6760,0.0128,1.6826,0.0578,0.4059,0.0000,0.0000,0.0000,0.0000,0.0000,0.0000
4.7300,3.0237,0.6762,0.0163,1.9002,0.0249,0.3497,0.0000,0.0000,0.0000,0.0000,0.0000,0.0000
4.7400,3.0449,0.6768,0.0185,2.1208,0.0566,0.2253,0.0000,0.0000,0.0000,0.0000,0.0000,0.0000
4.7500,3.0680,0.6785,0.0192,2.3054,0.1709,0.0676,0.0000,0.0000,0.0000,0.0000,0.0000,0.0000
4.7600,3.0922,0.6821,0.0184,2.4209,0.3583,-0.0820,0.0000,0.0000,0.0000,0.0000,0.0000,0.0000
4.7700,3.1166,0.6879,0.0164,2.4460,0.5836,-0.1926,0.0000,0.0000,0.0000,0.0000,0.0000,0.0000
4.7800,3.1404,0.6959,0.0139,2.3754,0.7976,-0.2567,0.0000,0.0000,0.0000,0.0000,0.0000,0.0000
4.7900,3.1626,0.7054,0.0109,2.2213,0.9549,-0.2938,0.0000,0.0000,0.0000,0.0000,0.0000,0.0000
4.8000,3.1827,0.7157,0.0075,2.0107,1.0302,-0.3422,0.0000,0.0000,0.0000,0.0000,0.0000,0.0000
4.8100,3.2005,0.7260,0.0031,1.7811,1.0267,-0.4439,0.0000,0.0000,0.0000,0.0000,0.0000,0.0000
4.8200,3.2163,0.7357,0.0000,1.5732,0.9735,0.0000,0.0000,0.0000,0.0000,0.0000,0.0000,0.0000
4.8300,3.2305,0.7449,0.0000,1.4255,0.9133,0.0000,0.0000,0.0000,0.0000,0.0000,0.0000,0.0000
4.8400,3.2442,0.7537,0.0000,1.3645,0.8836,0.0000,0.0000,0.0000,0.0000,0.0000,0.0000,0.0000
4.8500,3.2582,0.7627,0.0000,1.4003,0.9013,0.0000,0.0000,0.0000,0.0000,0.0000,0.0000,0.0000
4.8600,3.2734,0.7723,0.0000,1.5268,0.9564,0.0000,0.0000,0.0000,0.0000,0.0000,0.0000,0.0000
4.8700,3.2907,0.7824,0.0000,1.7214,1.0154,0.0000,0.0000,0.0000,0.0000,0.0000,0.0000,0.0000
4.8800,3.3101,0.7928,0.0000,1.9492,1.0353,0.0000,0.0000,0.0000,0.0000,0.0000,0.0000,0.0000
4.8900,3.3318,0.8026,0.0000,2.1691,0.9814,0.0000,0.0000,0.0000,0.0000,0.0000,0.0000,0.0000
4.9000,3.3552,0.8110,0.0000,2.3415,0.8425,0.0000,0.0000,0.0000,0.0000,0.0000,0.0000,0.0000
4.9100,3.3796,0.8174,0.0000,2.4352,0.6366,0.0000,0.0000,0.0000,0.0000,0.0000,0.0000,0.0000
4.9200,3.4039,0.8215,0.0000,2.4331,0.4061,0.0000,0.0000,0.0000,0.0000,0.0000,0.0000,0.0000
4.9300,3.4273,0.8235,0.0000,2.3352,0.2021,0.0000,0.0000,0.0000,0.0000,0.0000,0.0000,0.0000
4.9400,3.4489,0.8241,0.0000,2.1592,0.0664,0.0000,0.0000,0.0000,0.0000,0.0000,0.0000,0.0000
4.9500,3.4682,0.8243,0.0000,1.9367,0.0163,0.0000,0.0000,0.0000,0.0000,0.0000,0.0000,0.0000
4.9600,3.4853,0.8247,0.0000,1.7081,0.0394,0.0000,0.0000,0.0000,0.0000,0.0000,0.0000,0.0000
4.9700,3.5005,0.8257,0.0001,1.5149,0.0998,0.0142,0.0000,0.0000,0.0000,0.0000,0.0000,0.0000
4.9800,3.5144,0.8272,0.0012,1.3922,0.1540,0.1050,0.0000,0.0000,0.0000,0.0000,0.0000,0.0000
4.9900,3.5280,0.8289,0.0035,1.3625,0.1687,0.2359,0.0000,0.0000,0.0000,0.0000,0.0000,0.0000
5.0000,3.5423,0.8303,0.0071,1.4310,0.1356,0.3556,0.0000,0.0000,0.0000,0.0000,0.0000,0.0000
5.0100,3.5582,0.8310,0.0113,1.5848,0.0743,0.4175,0.0000,0.0000,0.0000,0.0000,0.0000,0.0000
5.0200,3.5761,0.8313,0.0152,1.7958,0.0242,0.3958,0.0000,0.0000,0.0000,0.0000,0.0000,0.0000
5.0300,3.5964,0.8315,0.0182,2.0257,0.0277,0.2943,0.0000,0.0000,0.0000,0.0000,0.0000,0.0000
5.0400,3.6187,0.8327,0.0196,2.2331,0.1131,0.1427,0.0000,0.0000,0.0000,0.0000,0.0000,0.0000
5.0500,3.6425,0.8355,0.0195,2.3800,0.2815,-0.0157,0.0000,0.0000,0.0000,0.0000,0.0000,0.0000
5.0600,3.6669,0.8405,0.0180,2.4390,0.5045,-0.1425,0.0000,0.0000,0.0000,0.0000,0.0000,0.0000
5.0700,3.6909,0.8479,0.0158,2.3984,0.7334,-0.2206,0.0000,0.0000,0.0000,0.0000,0.0000,0.0000
5.0800,3.7135,0.8570,0.0132,2.2650,0.9170,-0.2613,0.0000,0.0000,0.0000,0.0000,0.0000,0.0000
5.0900,3.7342,0.8672,0.0102,2.0630,1.0204,-0.3003,0.0000,0.0000,0.0000,0.0000,0.0000,0.0000
5.1000,3.7525,0.8776,0.0064,1.8291,1.0380,-0.3825,0.0000,0.0000,0.0000,0.0000,0.0000,0.0000
5.1100,3.7685,0.8876,0.0010,1.6060,0.9935,-0.5430,0.0000,0.0000,0.0000,0.0000,0.0000,0.0000
5.1200,3.7829,0.8968,0.0000,1.4346,0.9290,0.0000,0.0000,0.0000,0.0000,0.0000,0.0000,0.0000
5.1300,3.7964,0.9057,0.0000,1.3485,0.8883,0.0000,0.0000,0.0000,0.0000,0.0000,0.0000,0.0000
5.1400,3.8100,0.9147,0.0000,1.3621,0.8950,0.0000,0.0000,0.0000,0.0000,0.0000,0.0000,0.0000
5.1500,3.8247,0.9241,0.0000,1.4729,0.9454,0.0000,0.0000,0.0000,0.0000,0.0000,0.0000,0.0000
5.1600,3.8413,0.9342,0.0000,1.6607,1.0086,0.0000,0.0000,0.0000,0.0000,0.0000,0.0000,0.0000
5.1700,3.8602,0.9446,0.0000,1.8908,1.0400,0.0000,0.0000,0.0000,0.0000,0.0000,0.0000,0.0000
5.1800,3.8814,0.9546,0.0000,2.1209,0.9999,0.0000,0.0000,0.0000,0.0000,0.0000,0.0000,0.0000
5.1900,3.9045,0.9633,0.0000,2.3082,0.8712,0.0000,0.0000,0.0000,0.0000,0.0000,0.0000,0.0000
5.2000,3.9287,0.9700,0.0000,2.4179,0.6682,0.0000,0.0000,0.0000,0.0000,0.0000,0.0000,0.0000
5.2100,3.9530,0.9743,0.0000,2.4296,0.4322,0.0000,0.0000,0.0000,0.0000,0.0000,0.0000,0.0000
5.2200,3.9764,0.9765,0.0000,2.3407,0.2171,0.0000,0.0000,0.0000,0.0000,0.0000,0.0000,0.0000
5.2300,3.9981,0.9772,0.0000,2.1677,0.0689,0.0000,0.0000,0.0000,0.0000,0.0000,0.0000,0.0000
5.2400,4.0175,0.9773,0.0000,1.9425,0.0092,0.0000,0.0000,0.0000,0.0000,0.0000,0.0000,0.0000
5.2500,4.0346,0.9776,0.0000,1.7071,0.0278,0.0000,0.0000,0.0000,0.0000,0.0000,0.0000,0.0000
5.2600,4.0496,0.9784,0.0001,1.5052,0.0885,0.0109,0.0000,0.0000,0.0000,0.0000,0.0000,0.0000
5.2700,4.0634,0.9799,0.0011,1.3746,0.1454,0.1028,0.0000,0.0000,0.0000,0.0000,0.0000,0.0000
5.2800,4.0768,0.9815,0.0035,1.3400,0.1626,0.2387,0.0000,0.0000,0.0000,0.0000,0.0000,0.0000
5.2900,4.0908,0.9828,0.0072,1.4075,0.1299,0.3649,0.0000,0.0000,0.0000,0.0000,0.0000,0.0000
5.3000,4.1065,0.9835,0.0115,1.5639,0.0673,0.4320,0.0000,0.0000,0.0000,0.0000,0.0000,0.0000
5.3100,4.1243,0.9837,0.0156,1.7800,0.0159,0.4123,0.0000,0.0000,0.0000,0.0000,0.0000,0.0000
5.3200,4.1444,0.9839,0.0187,2.0156,0.0204,0.3098,0.0000,0.0000,0.0000,0.0000,0.0000,0.0000
5.3300,4.1667,0.9850,0.0203,2.2270,0.1101,0.1562,0.0000,0.0000,0.0000,0.0000,0.0000,0.0000
5.3400,4.1905,0.9878,0.0202,2.3744,0.2855,-0.0030,0.0000,0.0000,0.0000,0.0000,0.0000,0.0000
5.3500,4.2147,0.9930,0.0190,2.4296,0.5156,-0.1282,0.0000,0.0000,0.0000,0.0000,0.0000,0.0000
5.3600,4.2386,1.0005,0.0169,2.3814,0.7485,-0.2025,0.0000,0.0000,0.0000,0.0000,0.0000,0.0000
5.3700,4.2609,1.0098,0.0145,2.2382,0.9309,-0.2401,0.0000,0.0000,0.0000,0.0000,0.0000,0.0000
5.3800,4.2812,1.0200,0.0117,2.0266,1.0284,-0.2799,0.0000,0.0000,0.0000,0.0000,0.0000,0.0000
5.3900,4.2991,1.0304,0.0080,1.7863,1.0381,-0.3689,0.0000,0.0000,0.0000,0.0000,0.0000,0.0000
5.4000,4.3147,1.0403,0.0026,1.5622,0.9876,-0.5417,0.0000,0.0000,0.0000,0.0000,0.0000,0.0000
5.4100,4.3287,1.0495,0.0000,1.3966,0.9225,0.0000,0.0000,0.0000,0.0000,0.0000,0.0000,0.0000
5.4200,4.3419,1.0584,0.0000,1.3225,0.8868,0.0000,0.0000,0.0000,0.0000,0.0000,0.0000,0.0000
5.4300,4.3554,1.0674,0.0000,1.3529,0.9019,0.0000,0.0000,0.0000,0.0000,0.0000,0.0000,0.0000
5.4400,4.3702,1.0770,0.0000,1.4820,0.9586,0.0000,0.0000,0.0000,0.0000,0.0000,0.0000,0.0000
5.4500,4.3871,1.0872,0.0000,1.6854,1.0209,0.0000,0.0000,0.0000,0.0000,0.0000,0.0000,0.0000
5.4600,4.4063,1.0976,0.0000,1.9248,1.0412,0.0000,0.0000,0.0000,0.0000,0.0000,0.0000,0.0000
5.4700,4.4279,1.1074,0.0000,2.1547,0.9812,0.0000,0.0000,0.0000,0.0000,0.0000,0.0000,0.0000
5.4800,4.4512,1.1157,0.0000,2.3313,0.8299,0.0000,0.0000,0.0000,0.0000,0.0000,0.0000,0.0000
5.4900,4.4754,1.1218,0.0000,2.4209,0.6092,0.0000,0.0000,0.0000,0.0000,0.0000,0.0000,0.0000
5.5000,4.4995,1.1255,0.0000,2.4063,0.3676,0.0000,0.0000,0.0000,0.0000,0.0000,0.0000,0.0000
5.5100,4.5224,1.1271,0.0000,2.2901,0.1617,0.0000,0.0000,0.0000,0.0000,0.0000,0.0000,0.0000
5.5200,4.5433,1.1275,0.0000,2.0941,0.0343,0.0000,0.0000,0.0000,0.0000,0.0000,0.0000,0.0000
5.5300,4.5619,1.1275,0.0000,1.8558,-0.0010,0.0000,0.0000,0.0000,0.0000,0.0000,0.0000,0.0000
5.5400,4.5781,1.1278,0.0000,1.6205,0.0360,0.0000,0.0000,0.0000,0.0000,0.0000,0.0000,0.0000
5.5500,4.5924,1.1288,0.0004,1.4333,0.1020,0.0423,0.0000,0.0000,0.0000,0.0000,0.0000,0.0000
5.5600,4.6057,1.1303,0.0020,1.3302,0.1498,0.1591,0.0000,0.0000,0.0000,0.0000,0.0000,0.0000
5.5700,4.6190,1.1318,0.0051,1.3311,0.1494,0.3036,0.0000,0.0000,0.0000,0.0000,0.0000,0.0000
5.5800,4.6334,1.1328,0.0092,1.4353,0.1012,0.4185,0.0000,0.0000,0.0000,0.0000,0.0000,0.0000
5.5900,4.6496,1.1332,0.0138,1.6223,0.0357,0.4582,0.0000,0.0000,0.0000,0.0000,0.0000,0.0000
5.6000,4.6682,1.1332,0.0179,1.8564,0.0001,0.4056,0.0000,0.0000,0.0000,0.0000,0.0000,0.0000
5.6100,4.6891,1.1336,0.0206,2.0930,0.0372,0.2771,0.0000,0.0000,0.0000,0.0000,0.0000,0.0000
5.6200,4.7120,1.1352,0.0218,2.2869,0.1669,0.1141,0.0000,0.0000,0.0000,0.0000,0.0000,0.0000
5.6300,4.7360,1.1390,0.0214,2.4004,0.3755,-0.0357,0.0000,0.0000,0.0000,0.0000,0.0000,0.0000
5.6400,4.7601,1.1452,0.0200,2.4109,0.6192,-0.1391,0.0000,0.0000,0.0000,0.0000,0.0000,0.0000
5.6500,4.7832,1.1536,0.0181,2.3157,0.8402,-0.1924,0.0000,0.0000,0.0000,0.0000,0.0000,0.0000
5.6600,4.8046,1.1635,0.0159,2.1326,0.9892,-0.2238,0.0000,0.0000,0.0000,0.0000,0.0000,0.0000
5.6700,4.8235,1.1739,0.0131,1.8966,1.0445,-0.2805,0.0000,0.0000,0.0000,0.0000,0.0000,0.0000
5.6800,4.8401,1.1841,0.0090,1.6533,1.0192,-0.4082,0.0000,0.0000,0.0000,0.0000,0.0000,0.0000
5.6900,4.8545,1.1937,0.0027,1.4494,0.9539,-0.6304,0.0000,0.0000,0.0000,0.0000,0.0000,0.0000
5.7000,4.8678,1.2026,0.0000,1.3246,0.8980,0.0000,0.0000,0.0000,0.0000,0.0000,0.0000,0.0000
5.7100,4.8808,1.2115,0.0000,1.3047,0.8881,0.0000,0.0000,0.0000,0.0000,0.0000,0.0000,0.0000
5.7200,4.8948,1.2208,0.0000,1.3925,0.9298,0.0000,0.0000,0.0000,0.0000,0.0000,0.0000,0.0000
5.7300,4.9105,1.2308,0.0000,1.5709,0.9968,0.0000,0.0000,0.0000,0.0000,0.0000,0.0000,0.0000
5.7400,4.9285,1.2412,0.0000,1.8054,1.0420,0.0000,0.0000,0.0000,0.0000,0.0000,0.0000,0.0000
5.7500,4.9490,1.2514,0.0000,2.0505,1.0185,0.0000,0.0000,0.0000,0.0000,0.0000,0.0000,0.0000
5.7600,4.9716,1.2604,0.0000,2.2584,0.9009,0.0000,0.0000,0.0000,0.0000,0.0000,0.0000,0.0000
5.7700,4.9955,1.2674,0.0000,2.3884,0.6983,0.0000,0.0000,0.0000,0.0000,0.0000,0.0000,0.0000
5.7800,5.0197,1.2719,0.0000,2.4151,0.4524,0.0000,0.0000,0.0000,0.0000,0.0000,0.0000,0.0000
5.7900,5.0430,1.2741,0.0000,2.3328,0.2219,0.0000,0.0000,0.0000,0.0000,0.0000,0.0000,0.0000
5.8000,5.0646,1.2747,0.0000,2.1577,0.0595,0.0000,0.0000,0.0000,0.0000,0.0000,0.0000,0.0000
5.8100,5.0838,1.2746,0.0000,1.9237,-0.0082,0.0000,0.0000,0.0000,0.0000,0.0000,0.0000,0.0000
5.8200,5.1006,1.2747,0.0000,1.6766,0.0093,0.0000,0.0000,0.0000,0.0000,0.0000,0.0000,0.0000
5.8300,5.1152,1.2755,0.0002,1.4648,0.0729,0.0158,0.0000,0.0000,0.0000,0.0000,0.0000,0.0000
5.8400,5.1285,1.2768,0.0013,1.3301,0.1319,0.1184,0.0000,0.0000,0.0000,0.0000,0.0000,0.0000
5.8500,5.1415,1.2782,0.0040,1.2991,0.1473,0.2663,0.0000,0.0000,0.0000,0.0000,0.0000,0.0000
5.8600,5.1553,1.2793,0.0080,1.3775,0.1096,0.4002,0.0000,0.0000,0.0000,0.0000,0.0000,0.0000
5.8700,5.1708,1.2798,0.0127,1.5494,0.0430,0.4666,0.0000,0.0000,0.0000,0.0000,0.0000,0.0000
5.8800,5.1886,1.2797,0.0171,1.7808,-0.0059,0.4387,0.0000,0.0000,0.0000,0.0000,0.0000,0.0000
5.8900,5.2088,1.2798,0.0203,2.0265,0.0112,0.3251,0.0000,0.0000,0.0000,0.0000,0.0000,0.0000
5.9000,5.2312,1.2811,0.0220,2.2386,0.1222,0.1642,0.0000,0.0000,0.0000,0.0000,0.0000,0.0000
5.9100,5.2550,1.2843,0.0220,2.3749,0.3211,0.0066,0.0000,0.0000,0.0000,0.0000,0.0000,0.0000
5.9200,5.2791,1.2899,0.0209,2.4080,0.5677,-0.1079,0.0000,0.0000,0.0000,0.0000,0.0000,0.0000
5.9300,5.3024,1.2980,0.0193,2.3303,0.8026,-0.1686,0.0000,0.0000,0.0000,0.0000,0.0000,0.0000
5.9400,5.3239,1.3077,0.0173,2.1568,0.9705,-0.1992,0.0000,0.0000,0.0000,0.0000,0.0000,0.0000
5.9500,5.3431,1.3181,0.0148,1.9214,1.0428,-0.2472,0.0000,0.0000,0.0000,0.0000,0.0000,0.0000
5.9600,5.3598,1.3284,0.0112,1.6707,1.0273,-0.3623,0.0000,0.0000,0.0000,0.0000,0.0000,0.0000
5.9700,5.3744,1.3380,0.0054,1.4541,0.9632,-0.5736,0.0000,0.0000,0.0000,0.0000,0.0000,0.0000
5.9800,5.3875,1.3470,0.0000,1.3146,0.9023,0.0000,0.0000,0.0000,0.0000,0.0000,0.0000,0.0000
5.9900,5.4004,1.3559,0.0000,1.2814,0.8858,0.0000,0.0000,0.0000,0.0000,0.0000,0.0000,0.0000
6.0000,5.4140,1.3651,0.0000,1.3605,0.9239,0.0000,0.0000,0.0000,0.0000,0.0000,0.0000,0.0000
6.0100,5.4293,1.3750,0.0000,1.5360,0.9919,0.0000,0.0000,0.0000,0.0000,0.0000,0.0000,0.0000
6.0200,5.4470,1.3855,0.0000,1.7731,1.0416,0.0000,0.0000,0.0000,0.0000,0.0000,0.0000,0.0000
6.0300,5.4673,1.3957,0.0000,2.0245,1.0231,0.0000,0.0000,0.0000,0.0000,0.0000,0.0000,0.0000
6.0400,5.4897,1.4048,0.0000,2.2401,0.9077,0.0000,0.0000,0.0000,0.0000,0.0000,0.0000,0.0000
6.0500,5.5135,1.4118,0.0000,2.3766,0.7033,0.0000,0.0000,0.0000,0.0000,0.0000,0.0000,0.0000
6.0600,5.5375,1.4163,0.0000,2.4067,0.4522,0.0000,0.0000,0.0000,0.0000,0.0000,0.0000,0.0000
6.0700,5.5608,1.4185,0.0000,2.3239,0.2159,0.0000,0.0000,0.0000,0.0000,0.0000,0.0000,0.0000
6.0800,5.5822,1.4190,0.0000,2.1448,0.0499,0.0000,0.0000,0.0000,0.0000,0.0000,0.0000,0.0000
6.0900,5.6013,1.4188,0.0000,1.9051,-0.0181,0.0000,0.0000,0.0000,0.0000,0.0000,0.0000,0.0000
6.1000,5.6178,1.4188,0.0000,1.6527,0.0015,0.0000,0.0000,0.0000,0.0000,0.0000,0.0000,0.0000
6.1100,5.6322,1.4195,0.0002,1.4385,0.0673,0.0220,0.0000,0.0000,0.0000,0.0000,0.0000,0.0000
6.1200,5.6452,1.4207,0.0015,1.3056,0.1262,0.1327,0.0000,0.0000,0.0000,0.0000,0.0000,0.0000
6.1300,5.6580,1.4221,0.0044,1.2810,0.1384,0.2870,0.0000,0.0000,0.0000,0.0000,0.0000,0.0000
6.1400,5.6717,1.4231,0.0086,1.3691,0.0965,0.4226,0.0000,0.0000,0.0000,0.0000,0.0000,0.0000
6.1500,5.6873,1.4234,0.0135,1.5518,0.0279,0.4848,0.0000,0.0000,0.0000,0.0000,0.0000,0.0000
6.1600,5.7052,1.4232,0.0180,1.7920,-0.0174,0.4487,0.0000,0.0000,0.0000,0.0000,0.0000,0.0000
6.1700,5.7256,1.4233,0.0212,2.0417,0.0100,0.3269,0.0000,0.0000,0.0000,0.0000,0.0000,0.0000
6.1800,5.7481,1.4247,0.0229,2.2508,0.1358,0.1622,0.0000,0.0000,0.0000,0.0000,0.0000,0.0000
6.1900,5.7719,1.4281,0.0229,2.3769,0.3488,0.0075,0.0000,0.0000,0.0000,0.0000,0.0000,0.0000
6.2000,5.7958,1.4342,0.0220,2.3936,0.6030,-0.0989,0.0000,0.0000,0.0000,0.0000,0.0000,0.0000
6.2100,5.8188,1.4425,0.0204,2.2968,0.8352,-0.1514,0.0000,0.0000,0.0000,0.0000,0.0000,0.0000
6.2200,5.8398,1.4524,0.0186,2.1055,0.9907,-0.1797,0.0000,0.0000,0.0000,0.0000,0.0000,0.0000
6.2300,5.8584,1.4629,0.0163,1.8584,1.0460,-0.2360,0.0000,0.0000,0.0000,0.0000,0.0000,0.0000
6.2400,5.8745,1.4731,0.0126,1.6054,1.0163,-0.3697,0.0000,0.0000,0.0000,0.0000,0.0000,0.0000
6.2500,5.8884,1.4825,0.0065,1.3977,0.9472,-0.6047,0.0000,0.0000,0.0000,0.0000,0.0000,0.0000
6.2600,5.9012,1.4915,0.0000,1.2777,0.8924,0.0000,0.0000,0.0000,0.0000,0.0000,0.0000,0.0000
6.2700,5.9139,1.5003,0.0000,1.2714,0.8892,0.0000,0.0000,0.0000,0.0000,0.0000,0.0000,0.0000
6.2800,5.9277,1.5097,0.0000,1.3791,0.9393,0.0000,0.0000,0.0000,0.0000,0.0000,0.0000,0.0000
6.2900,5.9435,1.5198,0.0000,1.5789,1.0092,0.0000,0.0000,0.0000,0.0000,0.0000,0.0000,0.0000
6.3000,5.9618,1.5303,0.0000,1.8303,1.0455,0.0000,0.0000,0.0000,0.0000,0.0000,0.0000,0.0000
6.3100,5.9826,1.5403,0.0000,2.0819,0.9998,0.0000,0.0000,0.0000,0.0000,0.0000,0.0000,0.0000
6.3200,6.0055,1.5488,0.0000,2.2821,0.8522,0.0000,0.0000,0.0000,0.0000,0.0000,0.0000,0.0000
6.3300,6.0294,1.5550,0.0000,2.3899,0.6225,0.0000,0.0000,0.0000,0.0000,0.0000,0.0000,0.0000
6.3400,6.0532,1.5587,0.0000,2.3830,0.3637,0.0000,0.0000,0.0000,0.0000,0.0000,0.0000,0.0000
6.3500,6.0758,1.5601,0.0000,2.2625,0.1411,0.0000,0.0000,0.0000,0.0000,0.0000,0.0000,0.0000
6.3600,6.0963,1.5601,0.0000,2.0530,0.0049,0.0000,0.0000,0.0000,0.0000,0.0000,0.0000,0.0000
6.3700,6.1143,1.5598,0.0000,1.7974,-0.0292,0.0000,0.0000,0.0000,0.0000,0.0000,0.0000,0.0000
6.3800,6.1298,1.5600,0.0000,1.5482,0.0145,0.0000,0.0000,0.0000,0.0000,0.0000,0.0000,0.0000
6.3900,6.1434,1.5608,0.0006,1.3568,0.0852,0.0627,0.0000,0.0000,0.0000,0.0000,0.0000,0.0000
6.4000,6.1560,1.5621,0.0027,1.2628,0.1298,0.2026,0.0000,0.0000,0.0000,0.0000,0.0000,0.0000
6.4100,6.1688,1.5633,0.0063,1.2855,0.1185,0.3624,0.0000,0.0000,0.0000,0.0000,0.0000,0.0000
6.4200,6.1830,1.5639,0.0110,1.4196,0.0590,0.4769,0.0000,0.0000,0.0000,0.0000,0.0000,0.0000
6.4300,6.1994,1.5638,0.0160,1.6371,-0.0076,0.4999,0.0000,0.0000,0.0000,0.0000,0.0000,0.0000
6.4400,6.2183,1.5636,0.0203,1.8932,-0.0261,0.4224,0.0000,0.0000,0.0000,0.0000,0.0000,0.0000
6.4500,6.2397,1.5640,0.0230,2.1353,0.0467,0.2735,0.0000,0.0000,0.0000,0.0000,0.0000,0.0000
6.4600,6.2628,1.5662,0.0241,2.3136,0.2208,0.1058,0.0000,0.0000,0.0000,0.0000,0.0000,0.0000
6.4700,6.2867,1.5709,0.0238,2.3907,0.4660,-0.0295,0.0000,0.0000,0.0000,0.0000,0.0000,0.0000
6.4800,6.3102,1.5781,0.0227,2.3496,0.7225,-0.1072,0.0000,0.0000,0.0000,0.0000,0.0000,0.0000
6.4900,6.3322,1.5874,0.0213,2.1982,0.9253,-0.1406,0.0000,0.0000,0.0000,0.0000,0.0000,0.0000
6.5000,6.3519,1.5977,0.0195,1.9676,1.0316,-0.1751,0.0000,0.0000,0.0000,0.0000,0.0000,0.0000
6.5100,6.3689,1.6081,0.0169,1.7056,1.0377,-0.2673,0.0000,0.0000,0.0000,0.0000,0.0000,0.0000
6.5200,6.3836,1.6179,0.0123,1.4664,0.9787,-0.4571,0.0000,0.0000,0.0000,0.0000,0.0000,0.0000
6.5300,6.3966,1.6270,0.0048,1.2996,0.9101,-0.7484,0.0000,0.0000,0.0000,0.0000,0.0000,0.0000
6.5400,6.4090,1.6358,0.0000,1.2410,0.8813,0.0000,0.0000,0.0000,0.0000,0.0000,0.0000,0.0000
6.5500,6.4221,1.6449,0.0000,1.3038,0.9121,0.0000,0.0000,0.0000,0.0000,0.0000,0.0000,0.0000
6.5600,6.4368,1.6547,0.0000,1.4734,0.9811,0.0000,0.0000,0.0000,0.0000,0.0000,0.0000,0.0000
6.5700,6.4539,1.6651,0.0000,1.7151,1.0386,0.0000,0.0000,0.0000,0.0000,0.0000,0.0000,0.0000
6.5800,6.4737,1.6754,0.0000,1.9783,1.0287,0.0000,0.0000,0.0000,0.0000,0.0000,0.0000,0.0000
6.5900,6.4958,1.6845,0.0000,2.2081,0.9167,0.0000,0.0000,0.0000,0.0000,0.0000,0.0000,0.0000
6.6000,6.5194,1.6916,0.0000,2.3561,0.7077,0.0000,0.0000,0.0000,0.0000,0.0000,0.0000,0.0000
6.6100,6.5433,1.6961,0.0000,2.3912,0.4464,0.0000,0.0000,0.0000,0.0000,0.0000,0.0000,0.0000
6.6200,6.5663,1.6981,0.0000,2.3057,0.1995,0.0000,0.0000,0.0000,0.0000,0.0000,0.0000,0.0000
6.6300,6.5875,1.6984,0.0000,2.1174,0.0280,0.0000,0.0000,0.0000,0.0000,0.0000,0.0000,0.0000
6.6400,6.6062,1.6980,0.0000,1.8657,-0.0387,0.0000,0.0000,0.0000,0.0000,0.0000,0.0000,0.0000
6.6500,6.6222,1.6978,0.0000,1.6035,-0.0134,0.0000,0.0000,0.0000,0.0000,0.0000,0.0000,0.0000
6.6600,6.6361,1.6984,0.0004,1.3861,0.0568,0.0366,0.0000,0.0000,0.0000,0.0000,0.0000,0.0000
6.6700,6.6487,1.6996,0.0020,1.2594,0.1142,0.1643,0.0000,0.0000,0.0000,0.0000,0.0000,0.0000
6.6800,6.6612,1.7007,0.0053,1.2503,0.1187,0.3307,0.0000,0.0000,0.0000,0.0000,0.0000,0.0000
6.6900,6.6748,1.7014,0.0100,1.3602,0.0676,0.4671,0.0000,0.0000,0.0000,0.0000,0.0000,0.0000
6.7000,6.6904,1.7014,0.0152,1.5652,-0.0037,0.5178,0.0000,0.0000,0.0000,0.0000,0.0000,0.0000
6.7100,6.7086,1.7010,0.0198,1.8221,-0.0386,0.4630,0.0000,0.0000,0.0000,0.0000,0.0000,0.0000
6.7200,6.7294,1.7011,0.0230,2.0770,0.0130,0.3249,0.0000,0.0000,0.0000,0.0000,0.0000,0.0000
6.7300,6.7522,1.7028,0.0246,2.2762,0.1704,0.1550,0.0000,0.0000,0.0000,0.0000,0.0000,0.0000
6.7400,6.7759,1.7069,0.0247,2.3771,0.4106,0.0094,0.0000,0.0000,0.0000,0.0000,0.0000,0.0000
6.7500,6.7995,1.7137,0.0239,2.3574,0.6755,-0.0789,0.0000,0.0000,0.0000,0.0000,0.0000,0.0000
6.7600,6.8217,1.7226,0.0227,2.2206,0.8958,-0.1161,0.0000,0.0000,0.0000,0.0000,0.0000,0.0000
6.7700,6.8417,1.7329,0.0213,1.9954,1.0213,-0.1453,0.0000,0.0000,0.0000,0.0000,0.0000,0.0000
6.7800,6.8590,1.7433,0.0190,1.7295,1.0412,-0.2254,0.0000,0.0000,0.0000,0.0000,0.0000,0.0000
6.7900,6.8738,1.7531,0.0150,1.4791,0.9870,-0.4022,0.0000,0.0000,0.0000,0.0000,0.0000,0.0000
6.8000,6.8867,1.7623,0.0082,1.2976,0.9151,-0.6857,0.0000,0.0000,0.0000,0.0000,0.0000,0.0000
6.8100,6.8990,1.7711,0.0000,1.2242,0.8795,0.0000,0.0000,0.0000,0.0000,0.0000,0.0000,0.0000
6.8200,6.9117,1.7801,0.0000,1.2763,0.9051,0.0000,0.0000,0.0000,0.0000,0.0000,0.0000,0.0000
6.8300,6.9261,1.7899,0.0000,1.4408,0.9739,0.0000,0.0000,0.0000,0.0000,0.0000,0.0000,0.0000
6.8400,6.9430,1.8002,0.0000,1.6834,1.0356,0.0000,0.0000,0.0000,0.0000,0.0000,0.0000,0.0000
6.8500,6.9625,1.8105,0.0000,1.9523,1.0314,0.0000,0.0000,0.0000,0.0000,0.0000,0.0000,0.0000
6.8600,6.9844,1.8198,0.0000,2.1900,0.9231,0.0000,0.0000,0.0000,0.0000,0.0000,0.0000,0.0000
6.8700,7.0079,1.8269,0.0000,2.3454,0.7133,0.0000,0.0000,0.0000,0.0000,0.0000,0.0000,0.0000
6.8800,7.0317,1.8314,0.0000,2.3849,0.4473,0.0000,0.0000,0.0000,0.0000,0.0000,0.0000,0.0000
6.8900,7.0547,1.8333,0.0000,2.2999,0.1945,0.0000,0.0000,0.0000,0.0000,0.0000,0.0000,0.0000
6.9000,7.0758,1.8335,0.0000,2.1084,0.0188,0.0000,0.0000,0.0000,0.0000,0.0000,0.0000,0.0000
6.9100,7.0943,1.8330,0.0000,1.8514,-0.0488,0.0000,0.0000,0.0000,0.0000,0.0000,0.0000,0.0000
6.9200,7.1101,1.8328,0.0000,1.5842,-0.0218,0.0000,0.0000,0.0000,0.0000,0.0000,0.0000,0.0000
6.9300,7.1238,1.8333,0.0004,1.3644,0.0503,0.0423,0.0000,0.0000,0.0000,0.0000,0.0000,0.0000
6.9400,7.1362,1.8344,0.0022,1.2395,0.1073,0.1774,0.0000,0.0000,0.0000,0.0000,0.0000,0.0000
6.9500,7.1486,1.8355,0.0057,1.2367,0.1087,0.3493,0.0000,0.0000,0.0000,0.0000,0.0000,0.0000
6.9600,7.1621,1.8360,0.0106,1.3558,0.0539,0.4862,0.0000,0.0000,0.0000,0.0000,0.0000,0.0000
6.9700,7.1778,1.8358,0.0159,1.5706,-0.0182,0.5321,0.0000,0.0000,0.0000,0.0000,0.0000,0.0000
6.9800,7.1962,1.8354,0.0206,1.8347,-0.0479,0.4694,0.0000,0.0000,0.0000,0.0000,0.0000,0.0000
6.9900,7.2171,1.8355,0.0238,2.0915,0.0150,0.3247,0.0000,0.0000,0.0000,0.0000,0.0000,0.0000
7.0000,7.2399,1.8374,0.0253,2.2855,0.1867,0.1535,0.0000,0.0000,0.0000,0.0000,0.0000,0.0000
7.0100,7.2637,1.8418,0.0255,2.3742,0.4383,0.0130,0.0000,0.0000,0.0000,0.0000,0.0000,0.0000
7.0200,7.2871,1.8488,0.0248,2.3375,0.7063,-0.0669,0.0000,0.0000,0.0000,0.0000,0.0000,0.0000
7.0300,7.3089,1.8580,0.0238,2.1828,0.9194,-0.0984,0.0000,0.0000,0.0000,0.0000,0.0000,0.0000
7.0400,7.3283,1.8683,0.0225,1.9432,1.0301,-0.1304,0.0000,0.0000,0.0000,0.0000,0.0000,0.0000
7.0500,7.3450,1.8787,0.0203,1.6707,1.0346,-0.2241,0.0000,0.0000,0.0000,0.0000,0.0000,0.0000
7.0600,7.3593,1.8884,0.0161,1.4244,0.9716,-0.4224,0.0000,0.0000,0.0000,0.0000,0.0000,0.0000
7.0700,7.3718,1.8974,0.0088,1.2579,0.9017,-0.7274,0.0000,0.0000,0.0000,0.0000,0.0000,0.0000
7.0800,7.3839,1.9062,0.0000,1.2083,0.8772,0.0000,0.0000,0.0000,0.0000,0.0000,0.0000,0.0000
7.0900,7.3968,1.9153,0.0000,1.2884,0.9160,0.0000,0.0000,0.0000,0.0000,0.0000,0.0000,0.0000
7.1000,7.4116,1.9252,0.0000,1.4778,0.9897,0.0000,0.0000,0.0000,0.0000,0.0000,0.0000,0.0000
7.1100,7.4290,1.9356,0.0000,1.7368,1.0419,0.0000,0.0000,0.0000,0.0000,0.0000,0.0000,0.0000
7.1200,7.4490,1.9458,0.0000,2.0086,1.0136,0.0000,0.0000,0.0000,0.0000,0.0000,0.0000,0.0000
7.1300,7.4714,1.9545,0.0000,2.2337,0.8742,0.0000,0.0000,0.0000,0.0000,0.0000,0.0000,0.0000
7.1400,7.4950,1.9609,0.0000,2.3626,0.6387,0.0000,0.0000,0.0000,0.0000,0.0000,0.0000,0.0000
7.1500,7.5187,1.9645,0.0000,2.3668,0.3638,0.0000,0.0000,0.0000,0.0000,0.0000,0.0000,0.0000
7.1600,7.5411,1.9658,0.0000,2.2452,0.1234,0.0000,0.0000,0.0000,0.0000,0.0000,0.0000,0.0000
7.1700,7.5614,1.9655,0.0000,2.0243,-0.0236,0.0000,0.0000,0.0000,0.0000,0.0000,0.0000,0.0000
7.1800,7.5789,1.9650,0.0000,1.7525,-0.0584,0.0000,0.0000,0.0000,0.0000,0.0000,0.0000,0.0000
7.1900,7.5938,1.9649,0.0000,1.4897,-0.0091,0.0000,0.0000,0.0000,0.0000,0.0000,0.0000,0.0000
7.2000,7.6067,1.9655,0.0008,1.2937,0.0656,0.0813,0.0000,0.0000,0.0000,0.0000,0.0000,0.0000
7.2100,7.6188,1.9666,0.0032,1.2082,0.1068,0.2421,0.0000,0.0000,0.0000,0.0000,0.0000,0.0000
7.2200,7.6313,1.9674,0.0074,1.2517,0.0852,0.4147,0.0000,0.0000,0.0000,0.0000,0.0000,0.0000
7.2300,7.6455,1.9676,0.0126,1.4140,0.0164,0.5265,0.0000,0.0000,0.0000,0.0000,0.0000,0.0000
7.2400,7.6621,1.9671,0.0180,1.6587,-0.0478,0.5323,0.0000,0.0000,0.0000,0.0000,0.0000,0.0000
7.2500,7.6814,1.9667,0.0223,1.9321,-0.0454,0.4318,0.0000,0.0000,0.0000,0.0000,0.0000,0.0000
7.2600,7.7031,1.9673,0.0250,2.1741,0.0644,0.2676,0.0000,0.0000,0.0000,0.0000,0.0000,0.0000
7.2700,7.7264,1.9701,0.0260,2.3312,0.2796,0.1020,0.0000,0.0000,0.0000,0.0000,0.0000,0.0000
7.2800,7.7501,1.9756,0.0258,2.3676,0.5523,-0.0143,0.0000,0.0000,0.0000,0.0000,0.0000,0.0000
7.2900,7.7728,1.9837,0.0252,2.2746,0.8090,-0.0679,0.0000,0.0000,0.0000,0.0000,0.0000,0.0000
7.3000,7.7936,1.9936,0.0243,2.0723,0.9825,-0.0907,0.0000,0.0000,0.0000,0.0000,0.0000,0.0000
7.3100,7.8116,2.0040,0.0228,1.8054,1.0428,-0.1432,0.0000,0.0000,0.0000,0.0000,0.0000,0.0000
7.3200,7.8270,2.0141,0.0200,1.5330,1.0078,-0.2842,0.0000,0.0000,0.0000,0.0000,0.0000,0.0000
7.3300,7.8401,2.0234,0.0146,1.3155,0.9322,-0.5399,0.0000,0.0000,0.0000,0.0000,0.0000,0.0000
7.3400,7.8521,2.0322,0.0057,1.2018,0.8791,-0.8891,0.0000,0.0000,0.0000,0.0000,0.0000,0.0000
7.3500,7.8643,2.0410,0.0000,1.2187,0.8876,0.0000,0.0000,0.0000,0.0000,0.0000,0.0000,0.0000
7.3600,7.8779,2.0506,0.0000,1.3630,0.9518,0.0000,0.0000,0.0000,0.0000,0.0000,0.0000,0.0000
7.3700,7.8939,2.0608,0.0000,1.6002,1.0235,0.0000,0.0000,0.0000,0.0000,0.0000,0.0000,0.0000
7.3800,7.9127,2.0712,0.0000,1.8788,1.0385,0.0000,0.0000,0.0000,0.0000,0.0000,0.0000,0.0000
7.3900,7.9341,2.0807,0.0000,2.1367,0.9480,0.0000,0.0000,0.0000,0.0000,0.0000,0.0000,0.0000
7.4000,7.9573,2.0881,0.0000,2.3158,0.7457,0.0000,0.0000,0.0000,0.0000,0.0000,0.0000,0.0000
7.4100,7.9810,2.0929,0.0000,2.3759,0.4737,0.0000,0.0000,0.0000,0.0000,0.0000,0.0000,0.0000
7.4200,8.0041,2.0949,0.0000,2.3033,0.2052,0.0000,0.0000,0.0000,0.0000,0.0000,0.0000,0.0000
7.4300,8.0252,2.0950,0.0000,2.1140,0.0122,0.0000,0.0000,0.0000,0.0000,0.0000,0.0000,0.0000
7.4400,8.0437,2.0944,0.0000,1.8504,-0.0671,0.0000,0.0000,0.0000,0.0000,0.0000,0.0000,0.0000
7.4500,8.0594,2.0939,0.0000,1.5717,-0.0435,0.0000,0.0000,0.0000,0.0000,0.0000,0.0000,0.0000
7.4600,8.0728,2.0942,0.0004,1.3407,0.0308,0.0439,0.0000,0.0000,0.0000,0.0000,0.0000,0.0000
7.4700,8.0849,2.0951,0.0023,1.2096,0.0905,0.1872,0.0000,0.0000,0.0000,0.0000,0.0000,0.0000
7.4800,8.0970,2.0961,0.0060,1.2081,0.0913,0.3696,0.0000,0.0000,0.0000,0.0000,0.0000,0.0000
7.4900,8.1104,2.0964,0.0111,1.3358,0.0329,0.5133,0.0000,0.0000,0.0000,0.0000,0.0000,0.0000
7.5000,8.1260,2.0960,0.0167,1.5632,-0.0412,0.5585,0.0000,0.0000,0.0000,0.0000,0.0000,0.0000
7.5100,8.1444,2.0953,0.0216,1.8392,-0.0661,0.4889,0.0000,0.0000,0.0000,0.0000,0.0000,0.0000
7.5200,8.1654,2.0954,0.0250,2.1017,0.0107,0.3367,0.0000,0.0000,0.0000,0.0000,0.0000,0.0000
7.5300,8.1883,2.0974,0.0266,2.2916,0.2019,0.1638,0.0000,0.0000,0.0000,0.0000,0.0000,0.0000
7.5400,8.2120,2.1021,0.0269,2.3653,0.4702,0.0298,0.0000,0.0000,0.0000,0.0000,0.0000,0.0000
7.5500,8.2350,2.1096,0.0265,2.3052,0.7436,-0.0388,0.0000,0.0000,0.0000,0.0000,0.0000,0.0000
7.5600,8.2563,2.1190,0.0259,2.1244,0.9470,-0.0631,0.0000,0.0000,0.0000,0.0000,0.0000,0.0000
7.5700,8.2749,2.1294,0.0249,1.8636,1.0370,-0.1011,0.0000,0.0000,0.0000,0.0000,0.0000,0.0000
7.5800,8.2907,2.1396,0.0227,1.5819,1.0202,-0.2175,0.0000,0.0000,0.0000,0.0000,0.0000,0.0000
7.5900,8.3041,2.1491,0.0182,1.3431,0.9468,-0.4499,0.0000,0.0000,0.0000,0.0000,0.0000,0.0000
7.6000,8.3162,2.1579,0.0103,1.2015,0.8832,-0.7874,0.0000,0.0000,0.0000,0.0000,0.0000,0.0000
7.6100,8.3281,2.1667,0.0000,1.1909,0.8779,0.0000,0.0000,0.0000,0.0000,0.0000,0.0000,0.0000
7.6200,8.3412,2.1761,0.0000,1.3156,0.9356,0.0000,0.0000,0.0000,0.0000,0.0000,0.0000,0.0000
7.6300,8.3567,2.1862,0.0000,1.5433,1.0119,0.0000,0.0000,0.0000,0.0000,0.0000,0.0000,0.0000
7.6400,8.3749,2.1966,0.0000,1.8244,1.0414,0.0000,0.0000,0.0000,0.0000,0.0000,0.0000,0.0000
7.6500,8.3959,2.2063,0.0000,2.0946,0.9681,0.0000,0.0000,0.0000,0.0000,0.0000,0.0000,0.0000
7.6600,8.4188,2.2140,0.0000,2.2921,0.7772,0.0000,0.0000,0.0000,0.0000,0.0000,0.0000,0.0000
7.6700,8.4425,2.2191,0.0000,2.3715,0.5059,0.0000,0.0000,0.0000,0.0000,0.0000,0.0000,0.0000
7.6800,8.4656,2.2214,0.0000,2.3142,0.2276,0.0000,0.0000,0.0000,0.0000,0.0000,0.0000,0.0000
7.6900,8.4870,2.2216,0.0000,2.1334,0.0192,0.0000,0.0000,0.0000,0.0000,0.0000,0.0000,0.0000
7.7000,8.5057,2.2208,0.0000,1.8702,-0.0739,0.0000,0.0000,0.0000,0.0000,0.0000,0.0000,0.0000
7.7100,8.5215,2.2202,0.0000,1.5850,-0.0579,0.0000,0.0000,0.0000,0.0000,0.0000,0.0000,0.0000
7.7200,8.5349,2.2204,0.0004,1.3435,0.0160,0.0367,0.0000,0.0000,0.0000,0.0000,0.0000,0.0000
7.7300,8.5470,2.2212,0.0022,1.2014,0.0799,0.1788,0.0000,0.0000,0.0000,0.0000,0.0000,0.0000
7.7400,8.5589,2.2221,0.0058,1.1915,0.0848,0.3663,0.0000,0.0000,0.0000,0.0000,0.0000,0.0000
7.7500,8.5720,2.2223,0.0110,1.3154,0.0276,0.5181,0.0000,0.0000,0.0000,0.0000,0.0000,0.0000
7.7600,8.5875,2.2218,0.0167,1.5440,-0.0484,0.5705,0.0000,0.0000,0.0000,0.0000,0.0000,0.0000
7.7700,8.6057,2.2211,0.0217,1.8244,-0.0761,0.5045,0.0000,0.0000,0.0000,0.0000,0.0000,0.0000
7.7800,8.6266,2.2211,0.0253,2.0925,0.0001,0.3523,0.0000,0.0000,0.0000,0.0000,0.0000,0.0000
7.7900,8.6495,2.2230,0.0271,2.2865,0.1940,0.1779,0.0000,0.0000,0.0000,0.0000,0.0000,0.0000
7.8000,8.6731,2.2277,0.0275,2.3610,0.4674,0.0436,0.0000,0.0000,0.0000,0.0000,0.0000,0.0000
7.8100,8.6961,2.2351,0.0273,2.2979,0.7451,-0.0236,0.0000,0.0000,0.0000,0.0000,0.0000,0.0000
7.8200,8.7172,2.2446,0.0268,2.1111,0.9496,-0.0460,0.0000,0.0000,0.0000,0.0000,0.0000,0.0000
7.8300,8.7356,2.2550,0.0259,1.8437,1.0368,-0.0848,0.0000,0.0000,0.0000,0.0000,0.0000,0.0000
7.8400,8.7512,2.2652,0.0239,1.5577,1.0155,-0.2066,0.0000,0.0000,0.0000,0.0000,0.0000,0.0000
7.8500,8.7644,2.2746,0.0194,1.3190,0.9395,-0.4484,0.0000,0.0000,0.0000,0.0000,0.0000,0.0000
7.8600,8.7762,2.2833,0.0114,1.1834,0.8778,-0.7958,0.0000,0.0000,0.0000,0.0000,0.0000,0.0000
7.8700,8.7881,2.2921,0.0000,1.1838,0.8780,0.0000,0.0000,0.0000,0.0000,0.0000,0.0000,0.0000
7.8800,8.8013,2.3015,0.0000,1.3225,0.9411,0.0000,0.0000,0.0000,0.0000,0.0000,0.0000,0.0000
7.8900,8.8169,2.3117,0.0000,1.5626,1.0171,0.0000,0.0000,0.0000,0.0000,0.0000,0.0000,0.0000
7.9000,8.8354,2.3221,0.0000,1.8508,1.0377,0.0000,0.0000,0.0000,0.0000,0.0000,0.0000,0.0000
7.9100,8.8566,2.3316,0.0000,2.1200,0.9481,0.0000,0.0000,0.0000,0.0000,0.0000,0.0000,0.0000
7.9200,8.8797,2.3390,0.0000,2.3072,0.7397,0.0000,0.0000,0.0000,0.0000,0.0000,0.0000,0.0000
7.9300,8.9034,2.3435,0.0000,2.3684,0.4573,0.0000,0.0000,0.0000,0.0000,0.0000,0.0000,0.0000
7.9400,8.9263,2.3453,0.0000,2.2890,0.1803,0.0000,0.0000,0.0000,0.0000,0.0000,0.0000,0.0000
7.9500,8.9472,2.3452,0.0000,2.0874,-0.0143,0.0000,0.0000,0.0000,0.0000,0.0000,0.0000,0.0000
7.9600,8.9653,2.3443,0.0000,1.8108,-0.0876,0.0000,0.0000,0.0000,0.0000,0.0000,0.0000,0.0000
7.9700,8.9805,2.3438,0.0000,1.5238,-0.0553,0.0000,0.0000,0.0000,0.0000,0.0000,0.0000,0.0000
7.9800,8.9934,2.3440,0.0006,1.2940,0.0234,0.0630,0.0000,0.0000,0.0000,0.0000,0.0000,0.0000
7.9900,9.0052,2.3448,0.0029,1.1756,0.0787,0.2253,0.0000,0.0000,0.0000,0.0000,0.0000,0.0000
8.0000,9.0172,2.3455,0.0071,1.1963,0.0683,0.4170,0.0000,0.0000,0.0000,0.0000,0.0000,0.0000
8.0100,9.0307,2.3455,0.0126,1.3505,0.0004,0.5544,0.0000,0.0000,0.0000,0.0000,0.0000,0.0000
8.0200,9.0467,2.3448,0.0184,1.6014,-0.0715,0.5803,0.0000,0.0000,0.0000,0.0000,0.0000,0.0000
8.0300,9.0656,2.3440,0.0233,1.8899,-0.0773,0.4881,0.0000,0.0000,0.0000,0.0000,0.0000,0.0000
8.0400,9.0871,2.3443,0.0265,2.1487,0.0323,0.3221,0.0000,0.0000,0.0000,0.0000,0.0000,0.0000
8.0500,9.1102,2.3469,0.0280,2.3166,0.2575,0.1522,0.0000,0.0000,0.0000,0.0000,0.0000,0.0000
8.0600,9.1338,2.3523,0.0284,2.3534,0.5455,0.0358,0.0000,0.0000,0.0000,0.0000,0.0000,0.0000
8.0700,9.1563,2.3605,0.0283,2.2493,0.8135,-0.0129,0.0000,0.0000,0.0000,0.0000,0.0000,0.0000
8.0800,9.1765,2.3703,0.0279,2.0287,0.9877,-0.0315,0.0000,0.0000,0.0000,0.0000,0.0000,0.0000
8.0900,9.1940,2.3807,0.0270,1.7435,1.0382,-0.0892,0.0000,0.0000,0.0000,0.0000,0.0000,0.0000
8.1000,9.2086,2.3906,0.0246,1.4610,0.9910,-0.2493,0.0000,0.0000,0.0000,0.0000,0.0000,0.0000
8.1100,9.2211,2.3997,0.0192,1.2481,0.9111,-0.5338,0.0000,0.0000,0.0000,0.0000,0.0000,0.0000
8.1200,9.2326,2.4084,0.0101,1.1557,0.8667,-0.9096,0.0000,0.0000,0.0000,0.0000,0.0000,0.0000
8.1300,9.2447,2.4173,0.0000,1.2077,0.8924,0.0000,0.0000,0.0000,0.0000,0.0000,0.0000,0.0000
8.1400,9.2586,2.4270,0.0000,1.3933,0.9695,0.0000,0.0000,0.0000,0.0000,0.0000,0.0000,0.0000
8.1500,9.2753,2.4374,0.0000,1.6637,1.0340,0.0000,0.0000,0.0000,0.0000,0.0000,0.0000,0.0000
8.1600,9.2949,2.4475,0.0000,1.9578,1.0160,0.0000,0.0000,0.0000,0.0000,0.0000,0.0000,0.0000
8.1700,9.3169,2.4563,0.0000,2.2054,0.8746,0.0000,0.0000,0.0000,0.0000,0.0000,0.0000,0.0000
8.1800,9.3404,2.4625,0.0000,2.3473,0.6235,0.0000,0.0000,0.0000,0.0000,0.0000,0.0000,0.0000
8.1900,9.3639,2.4658,0.0000,2.3494,0.3278,0.0000,0.0000,0.0000,0.0000,0.0000,0.0000,0.0000
8.2000,9.3860,2.4665,0.0000,2.2111,0.0740,0.0000,0.0000,0.0000,0.0000,0.0000,0.0000,0.0000
8.2100,9.4056,2.4658,0.0000,1.9651,-0.0713,0.0000,0.0000,0.0000,0.0000,0.0000,0.0000,0.0000
8.2200,9.4223,2.4649,0.0000,1.6702,-0.0923,0.0000,0.0000,0.0000,0.0000,0.0000,0.0000,0.0000
8.2300,9.4363,2.4646,0.0000,1.3970,-0.0286,0.0000,0.0000,0.0000,0.0000,0.0000,0.0000,0.0000
8.2400,9.4484,2.4651,0.0012,1.2110,0.0482,0.1199,0.0000,0.0000,0.0000,0.0000,0.0000,0.0000
8.2500,9.4600,2.4658,0.0043,1.1572,0.0747,0.3119,0.0000,0.0000,0.0000,0.0000,0.0000,0.0000
8.2600,9.4725,2.4662,0.0092,1.2481,0.0310,0.4914,0.0000,0.0000,0.0000,0.0000,0.0000,0.0000
8.2700,9.4871,2.4657,0.0150,1.4608,-0.0490,0.5803,0.0000,0.0000,0.0000,0.0000,0.0000,0.0000
8.2800,9.5045,2.4647,0.0205,1.7442,-0.0961,0.5439,0.0000,0.0000,0.0000,0.0000,0.0000,0.0000
8.2900,9.5248,2.4643,0.0245,2.0305,-0.0440,0.4045,0.0000,0.0000,0.0000,0.0000,0.0000,0.0000
8.3000,9.5473,2.4656,0.0268,2.2512,0.1340,0.2262,0.0000,0.0000,0.0000,0.0000,0.0000,0.0000
8.3100,9.5709,2.4697,0.0276,2.3527,0.4074,0.0797,0.0000,0.0000,0.0000,0.0000,0.0000,0.0000
8.3200,9.5940,2.4767,0.0276,2.3096,0.6998,0.0029,0.0000,0.0000,0.0000,0.0000,0.0000,0.0000
8.3300,9.6153,2.4859,0.0274,2.1319,0.9252,-0.0202,0.0000,0.0000,0.0000,0.0000,0.0000,0.0000
8.3400,9.6339,2.4962,0.0269,1.8623,1.0298,-0.0513,0.0000,0.0000,0.0000,0.0000,0.0000,0.0000
8.3500,9.6496,2.5064,0.0253,1.5659,1.0166,-0.1635,0.0000,0.0000,0.0000,0.0000,0.0000,0.0000
8.3600,9.6627,2.5158,0.0213,1.3141,0.9399,-0.4005,0.0000,0.0000,0.0000,0.0000,0.0000,0.0000
8.3700,9.6744,2.5245,0.0137,1.1678,0.8740,-0.7509,0.0000,0.0000,0.0000,0.0000,0.0000,0.0000
8.3800,9.6860,2.5332,0.0023,1.1636,0.8719,-1.1490,0.0000,0.0000,0.0000,0.0000,0.0000,0.0000
8.3900,9.6991,2.5426,0.0000,1.3032,0.9355,0.0000,0.0000,0.0000,0.0000,0.0000,0.0000,0.0000
8.4000,9.7146,2.5527,0.0000,1.5520,1.0139,0.0000,0.0000,0.0000,0.0000,0.0000,0.0000,0.0000
8.4100,9.7331,2.5631,0.0000,1.8489,1.0321,0.0000,0.0000,0.0000,0.0000,0.0000,0.0000,0.0000
8.4200,9.7543,2.5724,0.0000,2.1226,0.9335,0.0000,0.0000,0.0000,0.0000,0.0000,0.0000,0.0000
8.4300,9.7774,2.5795,0.0000,2.3065,0.7117,0.0000,0.0000,0.0000,0.0000,0.0000,0.0000,0.0000
8.4400,9.8009,2.5837,0.0000,2.3558,0.4187,0.0000,0.0000,0.0000,0.0000,0.0000,0.0000,0.0000
8.4500,9.8235,2.5851,0.0000,2.2584,0.1409,0.0000,0.0000,0.0000,0.0000,0.0000,0.0000,0.0000
8.4600,9.8439,2.5847,0.0000,2.0381,-0.0428,0.0000,0.0000,0.0000,0.0000,0.0000,0.0000,0.0000
8.4700,9.8614,2.5837,0.0000,1.7485,-0.0985,0.0000,0.0000,0.0000,0.0000,0.0000,0.0000,0.0000
8.4800,9.8760,2.5832,0.0000,1.4604,-0.0518,0.0000,0.0000,0.0000,0.0000,0.0000,0.0000,0.0000
8.4900,9.8884,2.5835,0.0009,1.2442,0.0292,0.0905,0.0000,0.0000,0.0000,0.0000,0.0000,0.0000
8.5000,9.8999,2.5842,0.0036,1.1531,0.0731,0.2723,0.0000,0.0000,0.0000,0.0000,0.0000,0.0000
8.5100,9.9120,2.5847,0.0083,1.2087,0.0457,0.4642,0.0000,0.0000,0.0000,0.0000,0.0000,0.0000
8.5200,9.9260,2.5843,0.0141,1.3965,-0.0313,0.5807,0.0000,0.0000,0.0000,0.0000,0.0000,0.0000
8.5300,9.9427,2.5834,0.0198,1.6698,-0.0927,0.5733,0.0000,0.0000,0.0000,0.0000,0.0000,0.0000
8.5400,9.9623,2.5828,0.0243,1.9620,-0.0665,0.4520,0.0000,0.0000,0.0000,0.0000,0.0000,0.0000
8.5500,9.9843,2.5836,0.0271,2.2017,0.0858,0.2755,0.0000,0.0000,0.0000,0.0000,0.0000,0.0000
8.5600,10.0076,2.5871,0.0283,2.3300,0.3452,0.1181,0.0000,0.0000,0.0000,0.0000,0.0000,0.0000
8.5700,10.0308,2.5935,0.0285,2.3147,0.6408,0.0277,0.0000,0.0000,0.0000,0.0000,0.0000,0.0000
8.5800,10.0524,2.6023,0.0285,2.1588,0.8834,-0.0015,0.0000,0.0000,0.0000,0.0000,0.0000,0.0000
8.5900,10.0714,2.6124,0.0283,1.9007,1.0098,-0.0259,0.0000,0.0000,0.0000,0.0000,0.0000,0.0000
8.6000,10.0874,2.6225,0.0271,1.6039,1.0127,-0.1212,0.0000,0.0000,0.0000,0.0000,0.0000,0.0000
8.6100,10.1008,2.6319,0.0237,1.3413,0.9409,-0.3388,0.0000,0.0000,0.0000,0.0000,0.0000,0.0000
8.6200,10.1126,2.6406,0.0169,1.1776,0.8694,-0.6763,0.0000,0.0000,0.0000,0.0000,0.0000,0.0000
8.6300,10.1241,2.6492,0.0062,1.1544,0.8578,-1.0732,0.0000,0.0000,0.0000,0.0000,0.0000,0.0000
8.6400,10.1369,2.6584,0.0000,1.2781,0.9155,0.0000,0.0000,0.0000,0.0000,0.0000,0.0000,0.0000
8.6500,10.1521,2.6683,0.0000,1.5182,0.9960,0.0000,0.0000,0.0000,0.0000,0.0000,0.0000,0.0000
8.6600,10.1702,2.6786,0.0000,1.8134,1.0232,0.0000,0.0000,0.0000,0.0000,0.0000,0.0000,0.0000
8.6700,10.1912,2.6879,0.0000,2.0920,0.9359,0.0000,0.0000,0.0000,0.0000,0.0000,0.0000,0.0000
8.6800,10.2140,2.6951,0.0000,2.2849,0.7226,0.0000,0.0000,0.0000,0.0000,0.0000,0.0000,0.0000
8.6900,10.2374,2.6995,0.0000,2.3441,0.4319,0.0000,0.0000,0.0000,0.0000,0.0000,0.0000,0.0000
8.7000,10.2600,2.7010,0.0000,2.2549,0.1507,0.0000,0.0000,0.0000,0.0000,0.0000,0.0000,0.0000
8.7100,10.2804,2.7006,0.0000,2.0394,-0.0387,0.0000,0.0000,0.0000,0.0000,0.0000,0.0000,0.0000
8.7200,10.2979,2.6996,0.0000,1.7512,-0.0991,0.0000,0.0000,0.0000,0.0000,0.0000,0.0000,0.0000
8.7300,10.3125,2.6990,0.0000,1.4621,-0.0544,0.0000,0.0000,0.0000,0.0000,0.0000,0.0000,0.0000
8.7400,10.3250,2.6993,0.0009,1.2441,0.0266,0.0884,0.0000,0.0000,0.0000,0.0000,0.0000,0.0000
8.7500,10.3365,2.7000,0.0036,1.1519,0.0710,0.2697,0.0000,0.0000,0.0000,0.0000,0.0000,0.0000
8.7600,10.3486,2.7005,0.0082,1.2078,0.0434,0.4616,0.0000,0.0000,0.0000,0.0000,0.0000,0.0000
8.7700,10.3625,2.7001,0.0140,1.3970,-0.0338,0.5767,0.0000,0.0000,0.0000,0.0000,0.0000,0.0000
8.7800,10.3792,2.6992,0.0196,1.6716,-0.0940,0.5665,0.0000,0.0000,0.0000,0.0000,0.0000,0.0000
8.7900,10.3989,2.6985,0.0241,1.9632,-0.0641,0.4423,0.0000,0.0000,0.0000,0.0000,0.0000,0.0000
8.8000,10.4209,2.6995,0.0267,2.1993,0.0936,0.2652,0.0000,0.0000,0.0000,0.0000,0.0000,0.0000
8.8100,10.4441,2.7030,0.0278,2.3206,0.3569,0.1105,0.0000,0.0000,0.0000,0.0000,0.0000,0.0000
8.8200,10.4670,2.7096,0.0281,2.2961,0.6518,0.0246,0.0000,0.0000,0.0000,0.0000,0.0000,0.0000
8.8300,10.4884,2.7184,0.0280,2.1312,0.8877,-0.0018,0.0000,0.0000,0.0000,0.0000,0.0000,0.0000
8.8400,10.5070,2.7285,0.0277,1.8672,1.0034,-0.0293,0.0000,0.0000,0.0000,0.0000,0.0000,0.0000
8.8500,10.5227,2.7384,0.0264,1.5705,0.9967,-0.1343,0.0000,0.0000,0.0000,0.0000,0.0000,0.0000
8.8600,10.5359,2.7477,0.0227,1.3153,0.9214,-0.3653,0.0000,0.0000,0.0000,0.0000,0.0000,0.0000
8.8700,10.5475,2.7562,0.0156,1.1658,0.8544,-0.7133,0.0000,0.0000,0.0000,0.0000,0.0000,0.0000
8.8800,10.5591,2.7647,0.0045,1.1609,0.8519,-1.1113,0.0000,0.0000,0.0000,0.0000,0.0000,0.0000
8.8900,10.5722,2.7739,0.0000,1.3024,0.9162,0.0000,0.0000,0.0000,0.0000,0.0000,0.0000,0.0000
8.9000,10.5877,2.7838,0.0000,1.5547,0.9940,0.0000,0.0000,0.0000,0.0000,0.0000,0.0000,0.0000
8.9100,10.6062,2.7939,0.0000,1.8522,1.0069,0.0000,0.0000,0.0000,0.0000,0.0000,0.0000,0.0000
8.9200,10.6275,2.8029,0.0000,2.1213,0.8985,0.0000,0.0000,0.0000,0.0000,0.0000,0.0000,0.0000
8.9300,10.6504,2.8095,0.0000,2.2939,0.6670,0.0000,0.0000,0.0000,0.0000,0.0000,0.0000,0.0000
8.9400,10.6737,2.8133,0.0000,2.3263,0.3711,0.0000,0.0000,0.0000,0.0000,0.0000,0.0000,0.0000
8.9500,10.6958,2.8143,0.0000,2.2102,0.1020,0.0000,0.0000,0.0000,0.0000,0.0000,0.0000,0.0000
8.9600,10.7155,2.8136,0.0000,1.9750,-0.0626,0.0000,0.0000,0.0000,0.0000,0.0000,0.0000,0.0000
8.9700,10.7323,2.8127,0.0000,1.6804,-0.0970,0.0000,0.0000,0.0000,0.0000,0.0000,0.0000,0.0000
8.9800,10.7463,2.8123,0.0000,1.4011,-0.0375,0.0000,0.0000,0.0000,0.0000,0.0000,0.0000,0.0000
8.9900,10.7584,2.8127,0.0012,1.2081,0.0408,0.1152,0.0000,0.0000,0.0000,0.0000,0.0000,0.0000
9.0000,10.7699,2.8134,0.0042,1.1508,0.0691,0.3076,0.0000,0.0000,0.0000,0.0000,0.0000,0.0000
9.0100,10.7823,2.8136,0.0091,1.2429,0.0248,0.4877,0.0000,0.0000,0.0000,0.0000,0.0000,0.0000
9.0200,10.7969,2.8131,0.0148,1.4600,-0.0555,0.5728,0.0000,0.0000,0.0000,0.0000,0.0000,0.0000
9.0300,10.8144,2.8121,0.0201,1.7464,-0.0978,0.5283,0.0000,0.0000,0.0000,0.0000,0.0000,0.0000
9.0400,10.8347,2.8118,0.0239,2.0297,-0.0337,0.3817,0.0000,0.0000,0.0000,0.0000,0.0000,0.0000
9.0500,10.8571,2.8134,0.0260,2.2378,0.1596,0.2038,0.0000,0.0000,0.0000,0.0000,0.0000,0.0000
9.0600,10.8803,2.8178,0.0266,2.3173,0.4418,0.0670,0.0000,0.0000,0.0000,0.0000,0.0000,0.0000
9.0700,10.9027,2.8251,0.0267,2.2471,0.7278,0.0033,0.0000,0.0000,0.0000,0.0000,0.0000,0.0000
9.0800,10.9232,2.8344,0.0265,2.0446,0.9296,-0.0152,0.0000,0.0000,0.0000,0.0000,0.0000,0.0000
9.0900,10.9408,2.8444,0.0259,1.7618,1.0024,-0.0602,0.0000,0.0000,0.0000,0.0000,0.0000,0.0000
9.1000,10.9555,2.8540,0.0239,1.4708,0.9645,-0.2048,0.0000,0.0000,0.0000,0.0000,0.0000,0.0000
9.1100,10.9680,2.8629,0.0191,1.2460,0.8834,-0.4808,0.0000,0.0000,0.0000,0.0000,0.0000,0.0000
9.1200,10.9794,2.8712,0.0105,1.1453,0.8353,-0.8569,0.0000,0.0000,0.0000,0.0000,0.0000,0.0000
9.1300,10.9914,2.8798,0.0000,1.1959,0.8603,0.0000,0.0000,0.0000,0.0000,0.0000,0.0000,0.0000
9.1400,11.0052,2.8892,0.0000,1.3851,0.9382,0.0000,0.0000,0.0000,0.0000,0.0000,0.0000,0.0000
9.1500,11.0218,2.8992,0.0000,1.6624,0.9997,0.0000,0.0000,0.0000,0.0000,0.0000,0.0000,0.0000
9.1600,11.0414,2.9089,0.0000,1.9577,0.9689,0.0000,0.0000,0.0000,0.0000,0.0000,0.0000,0.0000
9.1700,11.0634,2.9170,0.0000,2.1948,0.8071,0.0000,0.0000,0.0000,0.0000,0.0000,0.0000,0.0000
9.1800,11.0865,2.9224,0.0000,2.3127,0.5389,0.0000,0.0000,0.0000,0.0000,0.0000,0.0000,0.0000
9.1900,11.1093,2.9248,0.0000,2.2808,0.2430,0.0000,0.0000,0.0000,0.0000,0.0000,0.0000,0.0000
9.2000,11.1304,2.9249,0.0000,2.1073,0.0121,0.0000,0.0000,0.0000,0.0000,0.0000,0.0000,0.0000
9.2100,11.1487,2.9240,0.0000,1.8371,-0.0939,0.0000,0.0000,0.0000,0.0000,0.0000,0.0000,0.0000
9.2200,11.1641,2.9232,0.0000,1.5399,-0.0780,0.0000,0.0000,0.0000,0.0000,0.0000,0.0000,0.0000
9.2300,11.1771,2.9232,0.0005,1.2927,0.0002,0.0490,0.0000,0.0000,0.0000,0.0000,0.0000,0.0000
9.2400,11.1887,2.9238,0.0026,1.1597,0.0614,0.2103,0.0000,0.0000,0.0000,0.0000,0.0000,0.0000
9.2500,11.2004,2.9243,0.0067,1.1752,0.0537,0.4086,0.0000,0.0000,0.0000,0.0000,0.0000,0.0000
9.2600,11.2138,2.9242,0.0122,1.3340,-0.0161,0.5500,0.0000,0.0000,0.0000,0.0000,0.0000,0.0000
9.2700,11.2297,2.9233,0.0179,1.5943,-0.0874,0.5704,0.0000,0.0000,0.0000,0.0000,0.0000,0.0000
9.2800,11.2486,2.9225,0.0226,1.8886,-0.0816,0.4668,0.0000,0.0000,0.0000,0.0000,0.0000,0.0000
9.2900,11.2700,2.9230,0.0255,2.1409,0.0509,0.2938,0.0000,0.0000,0.0000,0.0000,0.0000,0.0000
9.3000,11.2929,2.9260,0.0268,2.2856,0.3000,0.1305,0.0000,0.0000,0.0000,0.0000,0.0000,0.0000
9.3100,11.3157,2.9320,0.0271,2.2844,0.5961,0.0330,0.0000,0.0000,0.0000,0.0000,0.0000,0.0000
9.3200,11.3371,2.9404,0.0271,2.1369,0.8447,0.0011,0.0000,0.0000,0.0000,0.0000,0.0000,0.0000
9.3300,11.3559,2.9502,0.0269,1.8815,0.9759,-0.0221,0.0000,0.0000,0.0000,0.0000,0.0000,0.0000
9.3400,11.3717,2.9600,0.0257,1.5847,0.9796,-0.1167,0.0000,0.0000,0.0000,0.0000,0.0000,0.0000
9.3500,11.3850,2.9690,0.0224,1.3236,0.9069,-0.3373,0.0000,0.0000,0.0000,0.0000,0.0000,0.0000
9.3600,11.3966,2.9774,0.0156,1.1665,0.8374,-0.6797,0.0000,0.0000,0.0000,0.0000,0.0000,0.0000
9.3700,11.4082,2.9857,0.0048,1.1555,0.8319,-1.0775,0.0000,0.0000,0.0000,0.0000,0.0000,0.0000
9.3800,11.4211,2.9947,0.0000,1.2942,0.8952,0.0000,0.0000,0.0000,0.0000,0.0000,0.0000,0.0000
9.3900,11.4366,3.0044,0.0000,1.5464,0.9730,0.0000,0.0000,0.0000,0.0000,0.0000,0.0000,0.0000
9.4000,11.4550,3.0142,0.0000,1.8440,0.9842,0.0000,0.0000,0.0000,0.0000,0.0000,0.0000,0.0000
9.4100,11.4761,3.0230,0.0000,2.1107,0.8708,0.0000,0.0000,0.0000,0.0000,0.0000,0.0000,0.0000
9.4200,11.4989,3.0293,0.0000,2.2762,0.6335,0.0000,0.0000,0.0000,0.0000,0.0000,0.0000,0.0000
9.4300,11.5219,3.0327,0.0000,2.2972,0.3363,0.0000,0.0000,0.0000,0.0000,0.0000,0.0000,0.0000
9.4400,11.5436,3.0334,0.0000,2.1680,0.0744,0.0000,0.0000,0.0000,0.0000,0.0000,0.0000,0.0000
9.4500,11.5628,3.0326,0.0000,1.9226,-0.0754,0.0000,0.0000,0.0000,0.0000,0.0000,0.0000,0.0000
9.4600,11.5790,3.0317,0.0000,1.6255,-0.0939,0.0000,0.0000,0.0000,0.0000,0.0000,0.0000,0.0000
9.4700,11.5926,3.0314,0.0001,1.3552,-0.0263,0.0078,0.0000,0.0000,0.0000,0.0000,0.0000,0.0000
9.4800,11.6044,3.0319,0.0015,1.1828,0.0475,0.1414,0.0000,0.0000,0.0000,0.0000,0.0000,0.0000
9.4900,11.6160,3.0325,0.0049,1.1541,0.0618,0.3389,0.0000,0.0000,0.0000,0.0000,0.0000,0.0000
9.5000,11.6287,3.0326,0.0099,1.2757,0.0051,0.5048,0.0000,0.0000,0.0000,0.0000,0.0000,0.0000
9.5100,11.6439,3.0318,0.0155,1.5146,-0.0737,0.5610,0.0000,0.0000,0.0000,0.0000,0.0000,0.0000
9.5200,11.6619,3.0309,0.0204,1.8074,-0.0947,0.4864,0.0000,0.0000,0.0000,0.0000,0.0000,0.0000
9.5300,11.6827,3.0309,0.0236,2.0773,0.0043,0.3236,0.0000,0.0000,0.0000,0.0000,0.0000,0.0000
9.5400,11.7052,3.0332,0.0251,2.2529,0.2298,0.1511,0.0000,0.0000,0.0000,0.0000,0.0000,0.0000
9.5500,11.7281,3.0385,0.0255,2.2871,0.5234,0.0360,0.0000,0.0000,0.0000,0.0000,0.0000,0.0000
9.5600,11.7498,3.0464,0.0254,2.1702,0.7905,-0.0072,0.0000,0.0000,0.0000,0.0000,0.0000,0.0000
9.5700,11.7691,3.0559,0.0252,1.9328,0.9500,-0.0257,0.0000,0.0000,0.0000,0.0000,0.0000,0.0000
9.5800,11.7855,3.0657,0.0242,1.6381,0.9773,-0.0997,0.0000,0.0000,0.0000,0.0000,0.0000,0.0000
9.5900,11.7992,3.0748,0.0212,1.3641,0.9134,-0.2940,0.0000,0.0000,0.0000,0.0000,0.0000,0.0000
9.6000,11.8110,3.0832,0.0151,1.1834,0.8375,-0.6173,0.0000,0.0000,0.0000,0.0000,0.0000,0.0000
9.6100,11.8224,3.0913,0.0049,1.1451,0.8185,-1.0123,0.0000,0.0000,0.0000,0.0000,0.0000,0.0000
9.6200,11.8350,3.1001,0.0000,1.2604,0.8727,0.0000,0.0000,0.0000,0.0000,0.0000,0.0000,0.0000
9.6300,11.8500,3.1096,0.0000,1.4985,0.9535,0.0000,0.0000,0.0000,0.0000,0.0000,0.0000,0.0000
9.6400,11.8680,3.1194,0.0000,1.7940,0.9792,0.0000,0.0000,0.0000,0.0000,0.0000,0.0000,0.0000
9.6500,11.8887,3.1282,0.0000,2.0696,0.8846,0.0000,0.0000,0.0000,0.0000,0.0000,0.0000,0.0000
9.6600,11.9112,3.1349,0.0000,2.2514,0.6610,0.0000,0.0000,0.0000,0.0000,0.0000,0.0000,0.0000
9.6700,11.9341,3.1385,0.0000,2.2909,0.3662,0.0000,0.0000,0.0000,0.0000,0.0000,0.0000,0.0000
9.6800,11.9559,3.1395,0.0000,2.1773,0.0958,0.0000,0.0000,0.0000,0.0000,0.0000,0.0000,0.0000
9.6900,11.9753,3.1388,0.0000,1.9411,-0.0674,0.0000,0.0000,0.0000,0.0000,0.0000,0.0000,0.0000
9.7000,11.9917,3.1378,0.0000,1.6457,-0.0970,0.0000,0.0000,0.0000,0.0000,0.0000,0.0000,0.0000
9.7100,12.0054,3.1375,0.0000,1.3701,-0.0338,0.0000,0.0000,0.0000,0.0000,0.0000,0.0000,0.0000
9.7200,12.0173,3.1379,0.0013,1.1886,0.0423,0.1258,0.0000,0.0000,0.0000,0.0000,0.0000,0.0000
9.7300,12.0288,3.1385,0.0045,1.1499,0.0615,0.3219,0.0000,0.0000,0.0000,0.0000,0.0000,0.0000
9.7400,12.0415,3.1386,0.0094,1.2638,0.0079,0.4921,0.0000,0.0000,0.0000,0.0000,0.0000,0.0000
9.7500,12.0564,3.1379,0.0149,1.4985,-0.0715,0.5544,0.0000,0.0000,0.0000,0.0000,0.0000,0.0000
9.7600,12.0743,3.1369,0.0198,1.7907,-0.0961,0.4841,0.0000,0.0000,0.0000,0.0000,0.0000,0.0000
9.7700,12.0950,3.1369,0.0230,2.0623,-0.0007,0.3228,0.0000,0.0000,0.0000,0.0000,0.0000,0.0000
9.7800,12.1174,3.1392,0.0245,2.2401,0.2228,0.1498,0.0000,0.0000,0.0000,0.0000,0.0000,0.0000
9.7900,12.1401,3.1443,0.0248,2.2758,0.5163,0.0339,0.0000,0.0000,0.0000,0.0000,0.0000,0.0000
9.8000,12.1617,3.1522,0.0248,2.1589,0.7834,-0.0093,0.0000,0.0000,0.0000,0.0000,0.0000,0.0000
9.8100,12.1809,3.1616,0.0245,1.9206,0.9417,-0.0278,0.0000,0.0000,0.0000,0.0000,0.0000,0.0000
9.8200,12.1972,3.1712,0.0234,1.6255,0.9667,-0.1036,0.0000,0.0000,0.0000,0.0000,0.0000,0.0000
9.8300,12.2107,3.1803,0.0204,1.3531,0.9014,-0.3017,0.0000,0.0000,0.0000,0.0000,0.0000,0.0000
9.8400,12.2225,3.1885,0.0141,1.1770,0.8266,-0.6290,0.0000,0.0000,0.0000,0.0000,0.0000,0.0000
9.8500,12.2339,3.1966,0.0039,1.1459,0.8111,-1.0251,0.0000,0.0000,0.0000,0.0000,0.0000,0.0000
9.8600,12.2466,3.2053,0.0000,1.2691,0.8685,0.0000,0.0000,0.0000,0.0000,0.0000,0.0000,0.0000
9.8700,12.2618,3.2148,0.0000,1.5132,0.9483,0.0000,0.0000,0.0000,0.0000,0.0000,0.0000,0.0000
9.8800,12.2799,3.2245,0.0000,1.8100,0.9669,0.0000,0.0000,0.0000,0.0000,0.0000,0.0000,0.0000
9.8900,12.3007,3.2331,0.0000,2.0804,0.8611,0.0000,0.0000,0.0000,0.0000,0.0000,0.0000,0.0000
9.9000,12.3232,3.2394,0.0000,2.2506,0.6276,0.0000,0.0000,0.0000,0.0000,0.0000,0.0000,0.0000
9.9100,12.3459,3.2427,0.0000,2.2744,0.3307,0.0000,0.0000,0.0000,0.0000,0.0000,0.0000,0.0000
9.9200,12.3674,3.2433,0.0000,2.1452,0.0688,0.0000,0.0000,0.0000,0.0000,0.0000,0.0000,0.0000
9.9300,12.3864,3.2426,0.0000,1.8982,-0.0785,0.0000,0.0000,0.0000,0.0000,0.0000,0.0000,0.0000
9.9400,12.4024,3.2416,0.0000,1.6007,-0.0927,0.0000,0.0000,0.0000,0.0000,0.0000,0.0000,0.0000
9.9500,12.4157,3.2414,0.0002,1.3341,-0.0226,0.0153,0.0000,0.0000,0.0000,0.0000,0.0000,0.0000
9.9600,12.4274,3.2419,0.0017,1.1712,0.0485,0.1565,0.0000,0.0000,0.0000,0.0000,0.0000,0.0000
9.9700,12.4390,3.2425,0.0053,1.1568,0.0558,0.3552,0.0000,0.0000,0.0000,0.0000,0.0000,0.0000
9.9800,12.4519,3.2424,0.0104,1.2937,-0.0067,0.5120,0.0000,0.0000,0.0000,0.0000,0.0000,0.0000
9.9900,12.4674,3.2416,0.0159,1.5436,-0.0826,0.5511,0.0000,0.0000,0.0000,0.0000,0.0000,0.0000
10.0000,12.4857,3.2407,0.0205,1.8380,-0.0889,0.4594,0.0000,0.0000,0.0000,0.0000,0.0000,0.0000
